{"orig_base_logit": [12.162874221801758, 15.682140350341797, 15.854866027832031, 17.9832820892334, 10.934438705444336, 11.591535568237305, 13.471176147460938, 15.772563934326172, 15.4811429977417, 14.067501068115234, 19.263084411621094, 10.139144897460938, 16.920217514038086, 14.858685493469238, 15.13072395324707, 13.687793731689453, 12.188072204589844, 16.89772605895996, 14.377066612243652, 9.259817123413086, 12.362805366516113, 17.503456115722656, 17.258708953857422, 14.821057319641113, 7.695492267608643, 10.996997833251953, 16.249300003051758, 16.059545516967773, 12.949348449707031, 13.912792205810547, 12.401863098144531, 15.818267822265625, 15.354620933532715, 10.776132583618164, 13.291412353515625, 15.808940887451172, 16.876731872558594, 13.780526161193848, 13.719426155090332, 14.359992980957031, 14.9042329788208, 15.04545783996582, 12.638250350952148, 13.961567878723145, 11.664843559265137, 16.444377899169922, 9.32017993927002, 16.21417236328125, 16.795251846313477, 14.984905242919922], "orig_chat_logit": [22.580284118652344, 21.125850677490234, 21.57936668395996, 23.757171630859375, 19.868642807006836, 22.864843368530273, 23.169721603393555, 22.79471206665039, 28.062171936035156, 21.716007232666016, 22.758163452148438, 21.330677032470703, 21.59440040588379, 23.446075439453125, 23.403671264648438, 22.038942337036133, 21.494382858276367, 23.672792434692383, 26.740476608276367, 21.84669303894043, 24.116649627685547, 25.832304000854492, 25.248056411743164, 22.42959213256836, 15.79662799835205, 19.761770248413086, 22.494529724121094, 24.43463134765625, 26.940879821777344, 22.58718490600586, 22.889511108398438, 24.11040496826172, 26.89990997314453, 25.094097137451172, 22.778963088989258, 29.126192092895508, 26.008676528930664, 22.605445861816406, 22.4032039642334, 22.9127197265625, 22.411542892456055, 21.657115936279297, 23.0237979888916, 25.117176055908203, 24.54551124572754, 25.57662582397461, 22.504011154174805, 26.338396072387695, 27.317737579345703, 27.70315170288086], "new_base_logit": [11.796527862548828, 14.697094917297363, 14.659407615661621, 18.002086639404297, 11.952672958374023, 11.985161781311035, 12.164302825927734, 16.0548152923584, 14.001972198486328, 13.36074447631836, 18.27916145324707, 10.316941261291504, 14.991357803344727, 14.183968544006348, 12.954309463500977, 11.998441696166992, 13.302830696105957, 16.789024353027344, 13.55929946899414, 11.71413803100586, 12.280532836914062, 16.23503875732422, 16.80282211303711, 16.041122436523438, 8.897335052490234, 12.477814674377441, 13.555991172790527, 15.422350883483887, 14.068580627441406, 13.916946411132812, 11.24461555480957, 15.988786697387695, 16.291793823242188, 11.605827331542969, 12.549164772033691, 15.46874713897705, 16.936391830444336, 11.4743013381958, 14.878450393676758, 14.562440872192383, 15.195601463317871, 12.351409912109375, 13.147354125976562, 12.330241203308105, 11.451165199279785, 15.933841705322266, 10.202160835266113, 16.132591247558594, 16.082517623901367, 14.38000202178955], "new_chat_logit": [22.05903434753418, 21.084247589111328, 20.389163970947266, 23.55925941467285, 20.182640075683594, 23.243755340576172, 21.52997589111328, 22.361434936523438, 23.426267623901367, 22.677526473999023, 21.96576499938965, 21.552034378051758, 21.03174591064453, 21.935840606689453, 23.17411231994629, 20.479223251342773, 21.922590255737305, 22.910619735717773, 21.652769088745117, 20.860431671142578, 21.398784637451172, 20.688737869262695, 20.806615829467773, 20.789226531982422, 17.6760311126709, 18.922605514526367, 22.09162139892578, 21.08304786682129, 19.497663497924805, 18.160295486450195, 22.8176326751709, 20.26297378540039, 21.764175415039062, 22.844512939453125, 21.10493278503418, 21.418516159057617, 21.302326202392578, 16.19831657409668, 19.411727905273438, 16.20504379272461, 18.37470245361328, 22.431974411010742, 18.573829650878906, 20.9238338470459, 23.57012176513672, 22.275287628173828, 18.11379051208496, 21.76966094970703, 20.264110565185547, 19.475833892822266], "ablate_features": [21888, 16258, 12932, 18567, 18056, 5258, 23434, 23057, 8978, 2451, 9878, 29976, 409, 1059, 15907, 10534, 22569, 5291, 27694, 16049, 21809, 14387, 25140, 30388, 18486, 5560, 16185, 25919, 29765, 6600, 10825, 20939, 6607, 9686, 16598, 24151, 9049, 28762, 31962, 12124, 2026, 28396, 10350, 114, 15219, 16370, 25075, 26998, 29179, 11260, 24189]}