{"orig_base_logit": [12.162874221801758, 15.682140350341797, 15.854866027832031, 17.9832820892334, 10.934438705444336, 11.591535568237305, 13.471176147460938, 15.772563934326172, 15.4811429977417, 14.067501068115234, 19.263084411621094, 10.139144897460938, 16.920217514038086, 14.858685493469238, 15.13072395324707, 13.687793731689453, 12.188072204589844, 16.89772605895996, 14.377066612243652, 9.259817123413086, 12.362805366516113, 17.503456115722656, 17.258708953857422, 14.821057319641113, 7.695492267608643, 10.996997833251953, 16.249300003051758, 16.059545516967773, 12.949348449707031, 13.912792205810547, 12.401863098144531, 15.818267822265625, 15.354620933532715, 10.776132583618164, 13.291412353515625, 15.808940887451172, 16.876731872558594, 13.780526161193848, 13.719426155090332, 14.359992980957031, 14.9042329788208, 15.04545783996582, 12.638250350952148, 13.961567878723145, 11.664843559265137, 16.444377899169922, 9.32017993927002, 16.21417236328125, 16.795251846313477, 14.984905242919922], "orig_chat_logit": [22.580284118652344, 21.125850677490234, 21.57936668395996, 23.757171630859375, 19.868642807006836, 22.864843368530273, 23.169721603393555, 22.79471206665039, 28.062171936035156, 21.716007232666016, 22.758163452148438, 21.330677032470703, 21.59440040588379, 23.446075439453125, 23.403671264648438, 22.038942337036133, 21.494382858276367, 23.672792434692383, 26.740476608276367, 21.84669303894043, 24.116649627685547, 25.832304000854492, 25.248056411743164, 22.42959213256836, 15.79662799835205, 19.761770248413086, 22.494529724121094, 24.43463134765625, 26.940879821777344, 22.58718490600586, 22.889511108398438, 24.11040496826172, 26.89990997314453, 25.094097137451172, 22.778963088989258, 29.126192092895508, 26.008676528930664, 22.605445861816406, 22.4032039642334, 22.9127197265625, 22.411542892456055, 21.657115936279297, 23.0237979888916, 25.117176055908203, 24.54551124572754, 25.57662582397461, 22.504011154174805, 26.338396072387695, 27.317737579345703, 27.70315170288086], "new_base_logit": [12.105913162231445, 15.19479751586914, 15.3387451171875, 17.03072166442871, 11.529220581054688, 11.970087051391602, 12.149182319641113, 15.17335033416748, 12.7572603225708, 12.75302505493164, 17.746950149536133, 10.615846633911133, 14.35918140411377, 14.263097763061523, 12.87004566192627, 12.47793960571289, 13.395578384399414, 16.097705841064453, 13.4186372756958, 11.098950386047363, 12.613027572631836, 16.120447158813477, 15.988494873046875, 15.570134162902832, 9.012186050415039, 12.845551490783691, 13.534252166748047, 15.65906810760498, 14.517675399780273, 13.855537414550781, 11.27833366394043, 15.799420356750488, 15.490631103515625, 11.41232967376709, 11.989614486694336, 15.632664680480957, 17.402976989746094, 11.137804985046387, 14.816807746887207, 14.904815673828125, 15.039910316467285, 12.003562927246094, 12.622973442077637, 11.414999961853027, 11.094829559326172, 15.670308113098145, 10.279895782470703, 16.083261489868164, 15.21612548828125, 14.276321411132812], "new_chat_logit": [23.173931121826172, 21.185260772705078, 20.583087921142578, 23.482437133789062, 19.525236129760742, 22.9553165435791, 21.491302490234375, 21.742694854736328, 23.375608444213867, 21.969833374023438, 21.411067962646484, 21.287736892700195, 20.647491455078125, 21.101598739624023, 22.964859008789062, 19.121685028076172, 22.568225860595703, 22.61669158935547, 20.05854034423828, 20.71153450012207, 20.92047882080078, 20.51588249206543, 20.509376525878906, 18.720943450927734, 17.566545486450195, 16.97439193725586, 20.86834716796875, 19.834774017333984, 19.550655364990234, 17.100528717041016, 22.441713333129883, 19.625539779663086, 21.072893142700195, 22.1668701171875, 19.71916389465332, 20.40721893310547, 20.958921432495117, 16.05756378173828, 19.244266510009766, 14.776908874511719, 18.177215576171875, 22.415239334106445, 17.382917404174805, 20.460430145263672, 22.667993545532227, 21.839693069458008, 16.28394889831543, 20.64988136291504, 19.461029052734375, 19.435659408569336], "ablate_features": [16390, 24592, 4113, 16406, 14360, 30751, 26656, 22569, 20524, 6191, 2099, 14387, 18486, 18503, 30795, 2130, 28762, 16481, 10350, 114, 12411, 28796, 30847, 8322, 14469, 18567, 14474, 4246, 20633, 4253, 24743, 30888, 24754, 14519, 22712, 18630, 12491, 18642, 20693, 16598, 6364, 24799, 30948, 24806, 10490, 24829, 28928, 20739, 30990, 6416, 24848, 275, 10517, 2328, 18722, 10534, 28985, 28987, 4415, 16706, 2372, 26949, 328, 8520, 334, 10577, 6488, 18777, 18779, 12646, 16745, 22890, 364, 26998, 2429, 8574, 12670, 20863, 2433, 29070, 2451, 409, 12699, 12701, 31151, 14779, 31165, 14790, 6600, 20939, 6607, 22993, 2531, 6634, 497, 25075, 29179, 27138, 18947, 6664, 18960, 23057, 25113, 25140, 6708, 14903, 2616, 31294, 23111, 10825, 19023, 4688, 12881, 2652, 27228, 23134, 618, 29303, 14976, 12932, 14987, 4749, 15005, 673, 17057, 21158, 12989, 21191, 17100, 27341, 8913, 17105, 27351, 2776, 2786, 6889, 6895, 2800, 6896, 13046, 11007, 8978, 794, 21277, 29470, 799, 804, 4902, 31527, 809, 9013, 17207, 2872, 13114, 29505, 9042, 9049, 27489, 31585, 11109, 17255, 17260, 15219, 17273, 31619, 11140, 23434, 25482, 5014, 21401, 29595, 5032, 27576, 11193, 971, 31696, 23525, 11242, 11245, 23535, 13301, 15355, 11260, 23557, 21512, 1046, 29724, 1059, 17444, 11305, 27694, 5170, 9266, 7220, 17464, 9274, 29765, 23628, 13391, 31834, 31859, 5246, 5258, 19610, 13481, 5291, 21716, 31962, 19677, 15587, 25828, 27875, 7403, 13560, 21766, 21772, 23822, 15636, 29976, 32026, 5411, 15655, 21807, 25903, 21809, 30004, 15669, 21813, 32058, 25919, 11584, 13638, 1352, 15693, 32080, 5472, 23904, 30048, 13677, 7537, 7544, 21888, 11650, 1423, 13713, 13716, 5528, 19873, 13751, 5560, 1469, 9686, 17882, 26110, 11783, 7688, 19975, 30230, 1566, 7712, 15907, 13864, 5685, 24130, 24151, 32362, 32366, 9840, 13946, 15995, 24189, 18056, 30351, 16021, 9878, 32408, 20127, 9897, 16049, 30388, 30401, 9923, 5828, 24266, 7886, 26327, 7905, 7906, 28389, 28396, 16116, 12024, 5881, 24314, 24324, 26381, 3868, 24354, 14135, 16185, 20286, 20300, 16209, 28499, 12124, 26460, 24416, 14193, 32626, 12154, 26494, 16257, 16258, 6025, 32651, 24463, 14235, 24477, 26526, 26538, 16299, 4018, 26553, 1979, 30659, 22473, 20429, 18396, 2026, 2027, 28654, 16370, 20468, 32757, 2038]}