{"orig_base_logit": [12.162874221801758, 15.682140350341797, 15.854866027832031, 17.9832820892334, 10.934438705444336, 11.591535568237305, 13.471176147460938, 15.772563934326172, 15.4811429977417, 14.067501068115234, 19.263084411621094, 10.139144897460938, 16.920217514038086, 14.858685493469238, 15.13072395324707, 13.687793731689453, 12.188072204589844, 16.89772605895996, 14.377066612243652, 9.259817123413086, 12.362805366516113, 17.503456115722656, 17.258708953857422, 14.821057319641113, 7.695492267608643, 10.996997833251953, 16.249300003051758, 16.059545516967773, 12.949348449707031, 13.912792205810547, 12.401863098144531, 15.818267822265625, 15.354620933532715, 10.776132583618164, 13.291412353515625, 15.808940887451172, 16.876731872558594, 13.780526161193848, 13.719426155090332, 14.359992980957031, 14.9042329788208, 15.04545783996582, 12.638250350952148, 13.961567878723145, 11.664843559265137, 16.444377899169922, 9.32017993927002, 16.21417236328125, 16.795251846313477, 14.984905242919922], "orig_chat_logit": [22.580284118652344, 21.125850677490234, 21.57936668395996, 23.757171630859375, 19.868642807006836, 22.864843368530273, 23.169721603393555, 22.79471206665039, 28.062171936035156, 21.716007232666016, 22.758163452148438, 21.330677032470703, 21.59440040588379, 23.446075439453125, 23.403671264648438, 22.038942337036133, 21.494382858276367, 23.672792434692383, 26.740476608276367, 21.84669303894043, 24.116649627685547, 25.832304000854492, 25.248056411743164, 22.42959213256836, 15.79662799835205, 19.761770248413086, 22.494529724121094, 24.43463134765625, 26.940879821777344, 22.58718490600586, 22.889511108398438, 24.11040496826172, 26.89990997314453, 25.094097137451172, 22.778963088989258, 29.126192092895508, 26.008676528930664, 22.605445861816406, 22.4032039642334, 22.9127197265625, 22.411542892456055, 21.657115936279297, 23.0237979888916, 25.117176055908203, 24.54551124572754, 25.57662582397461, 22.504011154174805, 26.338396072387695, 27.317737579345703, 27.70315170288086], "new_base_logit": [11.835628509521484, 15.03341293334961, 15.042376518249512, 18.036779403686523, 11.896114349365234, 12.0093412399292, 12.392508506774902, 16.144657135009766, 12.765679359436035, 12.970088005065918, 17.983434677124023, 10.506338119506836, 15.11484146118164, 14.397496223449707, 12.88581371307373, 12.240360260009766, 13.373509407043457, 16.62096405029297, 13.359343528747559, 12.068624496459961, 12.091440200805664, 16.29941749572754, 16.679302215576172, 15.727273941040039, 9.13463306427002, 12.990296363830566, 13.660911560058594, 15.12462043762207, 14.352385520935059, 14.025504112243652, 11.131086349487305, 16.069664001464844, 16.2303409576416, 11.584219932556152, 12.440738677978516, 15.504359245300293, 16.96253204345703, 11.38454532623291, 14.825821876525879, 14.613877296447754, 15.061774253845215, 12.399519920349121, 13.366374015808105, 12.496891975402832, 11.337160110473633, 15.5308837890625, 10.28355598449707, 16.068443298339844, 16.61410140991211, 14.189435005187988], "new_chat_logit": [22.475736618041992, 20.940210342407227, 20.40435218811035, 23.473176956176758, 19.997629165649414, 23.126710891723633, 21.51412010192871, 22.117515563964844, 23.555828094482422, 22.455846786499023, 21.846384048461914, 21.541078567504883, 20.848987579345703, 21.397682189941406, 23.112049102783203, 20.07224464416504, 21.99198341369629, 22.790294647216797, 21.184162139892578, 20.82170295715332, 21.104766845703125, 20.469633102416992, 20.532480239868164, 19.952356338500977, 17.069110870361328, 18.43031883239746, 21.537322998046875, 20.439664840698242, 19.389816284179688, 17.816511154174805, 22.71086311340332, 19.88886260986328, 21.540077209472656, 22.56145477294922, 20.259048461914062, 21.026323318481445, 21.298946380615234, 16.12944221496582, 19.38207244873047, 15.219208717346191, 18.1497859954834, 22.48552894592285, 18.117036819458008, 20.941242218017578, 23.36808967590332, 22.26689338684082, 17.222379684448242, 21.596033096313477, 20.06169891357422, 19.494579315185547], "ablate_features": [27138, 4113, 23057, 29724, 7712, 1059, 15907, 11305, 22569, 27694, 14387, 7220, 25140, 18486, 29765, 10825, 12881, 24151, 28762, 31834, 618, 10350, 9840, 114, 28796, 24189, 8322, 12932, 18567, 18056, 5258, 14987, 4246, 9878, 19610, 30888, 5291, 16049, 30388, 9923, 5828, 18630, 21191, 21716, 16598, 26327, 31962, 15587, 25828, 30948, 24806, 28396, 16116, 12024, 5881, 10490, 21766, 30990, 24848, 8978, 2328, 29976, 10534, 21807, 21809, 16185, 13114, 28987, 32058, 25919, 11584, 29505, 10577, 9042, 28499, 6488, 9049, 12124, 30048, 12646, 16745, 15219, 26998, 12670, 21888, 16258, 6025, 23434, 29070, 24463, 2451, 409, 14235, 26538, 4018, 13751, 5560, 11193, 1979, 1469, 31165, 6600, 20939, 20429, 6607, 9686, 2531, 2026, 28654, 16370, 25075, 13301, 2038, 29179, 11260, 26110]}