{"orig_base_logit": [16.800312042236328, 16.795869827270508, 16.79037094116211, 19.272043228149414, 16.23799705505371, 16.19864273071289, 18.104740142822266, 20.522281646728516, 20.20975685119629, 19.458812713623047, 19.981361389160156, 20.234254837036133, 19.180402755737305, 20.353227615356445, 17.814756393432617, 17.504730224609375, 17.73014259338379, 23.987173080444336, 16.39482879638672, 18.773176193237305, 14.817964553833008, 17.762338638305664, 15.390214920043945, 20.419254302978516, 17.978748321533203, 18.88665199279785, 16.81475257873535, 19.39276885986328, 18.51663589477539, 18.130111694335938, 17.737930297851562, 19.44612693786621, 16.566606521606445, 20.483064651489258, 21.81307029724121, 16.172409057617188, 17.912200927734375, 20.55400276184082, 17.30908203125, 17.686687469482422, 19.455812454223633, 19.492582321166992, 15.251895904541016, 18.581451416015625], "orig_chat_logit": [19.82876968383789, 21.321889877319336, 22.25288200378418, 23.40057945251465, 21.089996337890625, 21.366073608398438, 21.34224510192871, 23.953760147094727, 24.231048583984375, 24.345212936401367, 25.787261962890625, 25.392108917236328, 25.303308486938477, 24.35384178161621, 22.671504974365234, 21.595529556274414, 24.02031707763672, 27.510211944580078, 21.00690269470215, 21.7981014251709, 21.311420440673828, 25.889850616455078, 19.74566650390625, 19.037275314331055, 22.48388671875, 22.304689407348633, 18.759931564331055, 26.307035446166992, 27.204927444458008, 27.545818328857422, 27.190488815307617, 23.117610931396484, 22.745084762573242, 23.28047752380371, 23.241239547729492, 23.015676498413086, 25.29268455505371, 26.051137924194336, 21.809722900390625, 17.944110870361328, 22.636308670043945, 16.90188217163086, 23.108579635620117, 23.49765396118164], "new_base_logit": [14.928950309753418, 16.67706871032715, 16.874229431152344, 19.442163467407227, 15.634936332702637, 16.597557067871094, 19.27508544921875, 19.94858741760254, 20.330232620239258, 19.231428146362305, 20.03468894958496, 20.223209381103516, 19.80037498474121, 19.407590866088867, 17.810298919677734, 16.421350479125977, 16.313949584960938, 21.292993545532227, 18.342803955078125, 16.58613395690918, 14.962839126586914, 17.758962631225586, 16.2269287109375, 21.35295867919922, 17.677566528320312, 18.30352210998535, 17.065185546875, 17.87264633178711, 19.10031509399414, 17.822765350341797, 17.632850646972656, 18.183544158935547, 15.723042488098145, 20.214780807495117, 20.85226058959961, 16.764307022094727, 16.990253448486328, 19.75174903869629, 13.663517951965332, 16.934568405151367, 18.109514236450195, 19.028278350830078, 15.522088050842285, 18.652000427246094], "new_chat_logit": [17.728435516357422, 19.333192825317383, 21.725128173828125, 22.86907196044922, 20.301298141479492, 21.106706619262695, 21.1660213470459, 23.540252685546875, 23.315650939941406, 25.317058563232422, 26.152324676513672, 25.303022384643555, 25.13034439086914, 23.94427490234375, 20.075458526611328, 20.916667938232422, 22.59819984436035, 24.7659912109375, 21.626976013183594, 23.369762420654297, 20.80840492248535, 26.434457778930664, 19.92650032043457, 20.57748031616211, 21.097537994384766, 21.559825897216797, 19.25374984741211, 24.012081146240234, 24.865943908691406, 26.595165252685547, 23.118940353393555, 23.240802764892578, 22.71699333190918, 23.274147033691406, 23.26070785522461, 21.673978805541992, 23.673789978027344, 25.041173934936523, 21.48093032836914, 16.69572639465332, 21.922245025634766, 17.441661834716797, 23.8171443939209, 23.961347579956055], "ablate_features": [4383, 22566, 27082, 7242, 21200, 3255, 2936, 18083, 10115, 29807, 2975, 14363, 18740, 24326, 26219, 1996, 16301, 9043, 6272, 27737, 24645, 21400, 23485, 17588, 26120, 3429, 27056, 13517, 4296, 16712, 20869, 8888, 31952, 14562, 21376, 16723, 28650, 32093, 32760, 24841, 17657, 1458, 9747, 763, 13063, 5555, 19890, 4123, 3516, 24525, 3815, 28649, 21485, 4852, 31160, 12643, 27946, 19518, 31562, 10381, 17122, 28819, 22383, 6822, 6737, 26687, 32377, 29908, 5941, 4677, 15178, 15976, 26676, 22232, 615, 11711, 24378, 23595, 6727, 7621, 11411, 17221, 28093, 5324, 16776, 23594, 8802, 29870, 8004, 30347, 8496, 24698, 1748, 16755, 7276, 22524, 20530, 27768, 15555, 549, 14839, 2188, 21104, 5101, 31936, 29515, 17006, 2022, 27088, 16945, 7654, 28741, 14376, 1966, 31316, 10023, 17120, 26241, 11200, 17708, 14599, 10911, 14349, 20451, 23368, 14039, 3018, 7553, 28053, 2661, 8126, 5880, 5781, 28117, 13116, 18186, 18172, 12531, 30762, 28785, 19276, 20483, 842, 19796, 13133, 8238, 21568, 14966, 7633, 2357, 6368, 22255, 6330, 27383, 15419, 3196, 14985, 23397, 18032, 5385, 8624, 22109, 6757, 14424, 6325, 4503, 30813, 5545, 16043, 15727, 21773, 32611, 30621, 20596, 23538, 12946, 20441, 3699, 11716, 31771, 19196, 29153, 5734, 4173, 29833, 16279, 27485, 8836, 1024, 2223, 746, 18548, 10428, 25072, 8127, 12168, 11269, 21709, 13716, 410, 24548, 21767, 31783, 2824, 17739, 15000, 25892, 19737, 2823, 12702, 30969, 1136, 31737, 10860, 19533, 32378, 29015, 6833, 30962, 3224, 12721, 25394, 27147, 7762, 3857, 11833, 9526, 1507, 2152, 10970, 4680, 20262, 21762, 3832, 13952, 32521, 2160, 31748, 5936, 18244, 11992, 32383, 25731, 2928, 31039, 28427, 30745, 23060, 23938, 16466, 16039, 14344, 15071, 17367, 5295, 18568, 26541, 14946, 923, 1000, 24377, 12507, 590, 620, 21694, 24608, 20248, 12055, 7753, 23127, 24603, 32018, 29608, 11267, 12719, 14880, 19296, 13717, 14360, 14301, 10316, 1994, 17177, 18300, 6533, 18802, 8649, 20488, 21509, 13926, 23408, 23478, 4780, 18990, 26553, 17673, 10552, 24748, 26670, 29647, 14340, 22738, 14573, 18804, 21156, 29511, 1365, 29469, 19756, 19152, 13989, 26170, 22093, 5750, 26861, 4726, 21861, 20894, 28773, 7090, 10223, 27387, 31239, 2196, 7123, 24675, 28386, 24312, 4239, 16552, 24291, 32369, 30404, 6398, 20666, 16502, 17627, 1601, 21516, 30843, 13587, 27159, 28192, 13483, 28255, 26818, 23329, 9924, 13948, 20329, 1415, 6830, 8621, 9249, 19841, 27233, 26388, 2873, 8168, 3060, 23031, 11395, 21819, 20751, 28680, 9403, 15607, 24399, 31189, 32692, 14395, 26506, 2427, 6099, 8512, 3114, 11667, 13209, 19186, 20980, 9208, 12122, 28531, 1672, 7128, 8212, 8823, 5794, 17592, 22006, 5834, 3131, 29216, 17969, 8635, 14972, 13215, 31509, 1638, 292, 14984, 13522, 8219, 4610, 27921, 21750, 23700, 18877, 3161, 9050, 19484, 26498, 25526, 27011, 11897, 30135, 4177, 25053, 3069, 19759, 5897, 25827, 10587, 5367, 30184, 7234, 9517, 3319, 14264, 19961, 5516, 4540, 20464, 16959, 2394, 5818, 14563, 11813, 2094, 4430, 7685, 3924, 366, 3836, 31265, 23706, 14879, 28397, 28225, 16889, 8688, 21916, 17363, 13954, 12136, 22246, 11788, 28801, 28466, 9835, 3025, 26888, 26627, 15911, 11154, 5952, 13108, 29745, 20128, 28998, 29032, 24131, 8565, 20396, 14144, 20309, 26086, 4295, 4495, 24810, 13839, 14275, 15299, 26174, 30468, 10957, 5219, 26044, 1628, 10075, 18536, 14753, 25161, 25065, 30574, 19523, 22775, 18693, 1976, 28864, 22455, 9815, 6921, 18629, 1061, 31878, 23731, 15194, 10425, 6312, 16794, 31390, 6226, 2846, 6478, 1311, 15342, 17869, 25445, 13182, 30996, 13674, 28407, 19735, 24386, 2161, 9358, 26386, 5814, 3825, 12584, 16820, 6712, 9411, 6012, 14803, 29618, 21848, 12692, 18884, 4989, 14887, 11218, 2071, 18947, 17240, 13421, 1982, 4717, 13060, 29530, 23564, 4997, 30583, 656, 11648, 5001, 29825, 5429, 20023, 2926, 25425, 26588, 25873, 13884, 11820, 26216, 26449, 30668, 21898, 29776, 15987, 21914, 3353, 22238, 10506, 336, 10389, 23237, 10761, 6382, 11772, 6651, 18628, 19988, 15430, 16648, 30260, 27679, 28472, 28736, 29155, 5235, 22862, 10281, 1678, 17815, 30576, 32271, 11810, 9013, 15775, 3308, 12262, 24355, 11960, 13327, 23773, 1977, 29467, 4543, 8234, 31525, 14347, 2992, 12178, 14683, 24984, 31274, 22264, 15917, 6585, 8041, 4792, 14398, 20999, 29816, 9440, 14173, 23770, 14077, 29450, 5989, 30524, 8757, 13548, 15228, 27744, 32401, 31631, 22364, 15760, 30749, 27928, 19298, 29143, 21016, 4423, 28210, 28546, 11378, 12543, 22564, 9764, 8818, 308, 28198, 21159, 9091, 24954, 20889, 8588, 27638, 4967, 12986, 19232, 