{"orig_base_logit": [18.943933486938477, 20.104198455810547, 14.825201034545898, 18.95649528503418, 18.542037963867188, 19.715871810913086, 17.211124420166016, 23.985212326049805, 17.832944869995117, 20.411972045898438, 19.57769203186035, 20.943206787109375, 18.895959854125977, 17.61649513244629, 19.92829132080078, 20.15991973876953, 20.66766357421875, 18.737201690673828, 19.533151626586914, 26.018718719482422, 25.68118667602539, 17.992368698120117, 21.566774368286133, 20.564775466918945, 19.648584365844727, 20.159029006958008, 19.4318790435791, 16.528474807739258, 14.516783714294434, 19.1700382232666, 20.094377517700195, 20.4438419342041, 18.638776779174805, 17.79623031616211, 19.732608795166016, 20.0494441986084, 14.270625114440918, 15.680442810058594, 17.837987899780273, 10.961769104003906, 16.589698791503906, 17.368900299072266, 15.589518547058105, 16.65761947631836, 18.84642219543457, 20.6536865234375, 20.408260345458984, 19.13027000427246, 20.62478256225586, 20.892444610595703], "orig_chat_logit": [27.02318572998047, 27.9251651763916, 22.714601516723633, 25.122238159179688, 24.598888397216797, 26.207578659057617, 24.87692642211914, 26.639949798583984, 25.785747528076172, 28.297012329101562, 25.58160400390625, 27.85167121887207, 26.307861328125, 23.857715606689453, 27.629974365234375, 28.410470962524414, 29.770610809326172, 24.07929801940918, 29.74797821044922, 31.895320892333984, 29.298358917236328, 22.17138671875, 31.460344314575195, 28.875675201416016, 22.555953979492188, 21.289648056030273, 22.9162540435791, 23.41248321533203, 23.2512149810791, 28.166954040527344, 26.74924659729004, 29.958511352539062, 24.01354217529297, 24.846960067749023, 28.586118698120117, 31.0256404876709, 25.60956573486328, 25.483280181884766, 23.183576583862305, 20.956388473510742, 28.9929256439209, 23.52660369873047, 27.150972366333008, 25.88618278503418, 26.922155380249023, 26.683353424072266, 31.63628578186035, 27.995784759521484, 26.007369995117188, 31.074201583862305], "new_base_logit": [19.658737182617188, 18.31348419189453, 15.725720405578613, 18.776084899902344, 18.807600021362305, 19.007312774658203, 17.639358520507812, 21.562793731689453, 18.523168563842773, 18.205097198486328, 18.94316864013672, 20.389202117919922, 18.82943344116211, 18.35114860534668, 19.748971939086914, 19.312435150146484, 19.0806827545166, 17.156789779663086, 16.002321243286133, 24.107994079589844, 24.923933029174805, 17.650197982788086, 20.248132705688477, 18.032331466674805, 18.778085708618164, 20.242895126342773, 19.553823471069336, 15.345754623413086, 14.694443702697754, 17.53255844116211, 19.106670379638672, 18.743242263793945, 18.20829200744629, 16.80184555053711, 19.57608413696289, 20.10251808166504, 15.058746337890625, 16.389976501464844, 17.52281951904297, 11.389993667602539, 16.53288459777832, 17.27216148376465, 17.552759170532227, 15.813496589660645, 18.617517471313477, 20.30593490600586, 19.780622482299805, 18.3604793548584, 19.311119079589844, 19.992931365966797], "new_chat_logit": [27.386409759521484, 26.74791717529297, 22.57109260559082, 25.683786392211914, 23.393892288208008, 25.004213333129883, 23.936447143554688, 24.825927734375, 24.957069396972656, 25.539363861083984, 24.739656448364258, 25.46578025817871, 25.38568878173828, 23.017969131469727, 25.917343139648438, 25.43206024169922, 27.100357055664062, 22.53464698791504, 21.765230178833008, 26.013185501098633, 24.64370346069336, 19.6415958404541, 28.34934425354004, 24.551311492919922, 22.36992835998535, 21.649703979492188, 23.26057243347168, 21.71687126159668, 23.244712829589844, 25.874109268188477, 23.66588020324707, 24.191349029541016, 20.420743942260742, 23.874900817871094, 24.589006423950195, 28.201231002807617, 24.296560287475586, 23.438615798950195, 23.67022705078125, 20.287553787231445, 25.778892517089844, 22.979381561279297, 24.446279525756836, 23.09334945678711, 22.952627182006836, 22.909320831298828, 24.35764503479004, 22.06690216064453, 22.646991729736328, 25.768463134765625], "ablate_features": [7688, 18960, 12305, 3611, 7712, 1059, 9254, 25140, 4166, 28762, 23645, 24160, 1121, 16481, 613, 618, 12399, 27763, 11380, 17015, 24189, 8322, 7811, 12932, 13445, 6278, 18567, 5258, 31374, 4246, 20633, 14493, 17057, 30888, 5291, 25780, 18619, 9923, 18630, 12491, 16598, 26327, 15587, 6889, 28396, 16116, 21236, 5881, 6922, 21772, 26386, 10517, 2328, 794, 10534, 21809, 21813, 11584, 30016, 328, 10577, 9042, 7519, 5472, 12646, 16745, 8046, 7537, 15219, 16761, 12670, 21888, 16258, 20361, 23434, 24463, 13713, 21401, 19873, 13751, 11193, 10684, 14786, 9686, 2010, 2531, 15341, 23535, 497, 16370, 25075, 13301, 2038, 11255]}