{"orig_base_logit": [18.943933486938477, 20.104198455810547, 14.825201034545898, 18.95649528503418, 18.542037963867188, 19.715871810913086, 17.211124420166016, 23.985212326049805, 17.832944869995117, 20.411972045898438, 19.57769203186035, 20.943206787109375, 18.895959854125977, 17.61649513244629, 19.92829132080078, 20.15991973876953, 20.66766357421875, 18.737201690673828, 19.533151626586914, 26.018718719482422, 25.68118667602539, 17.992368698120117, 21.566774368286133, 20.564775466918945, 19.648584365844727, 20.159029006958008, 19.4318790435791, 16.528474807739258, 14.516783714294434, 19.1700382232666, 20.094377517700195, 20.4438419342041, 18.638776779174805, 17.79623031616211, 19.732608795166016, 20.0494441986084, 14.270625114440918, 15.680442810058594, 17.837987899780273, 10.961769104003906, 16.589698791503906, 17.368900299072266, 15.589518547058105, 16.65761947631836, 18.84642219543457, 20.6536865234375, 20.408260345458984, 19.13027000427246, 20.62478256225586, 20.892444610595703], "orig_chat_logit": [27.02318572998047, 27.9251651763916, 22.714601516723633, 25.122238159179688, 24.598888397216797, 26.207578659057617, 24.87692642211914, 26.639949798583984, 25.785747528076172, 28.297012329101562, 25.58160400390625, 27.85167121887207, 26.307861328125, 23.857715606689453, 27.629974365234375, 28.410470962524414, 29.770610809326172, 24.07929801940918, 29.74797821044922, 31.895320892333984, 29.298358917236328, 22.17138671875, 31.460344314575195, 28.875675201416016, 22.555953979492188, 21.289648056030273, 22.9162540435791, 23.41248321533203, 23.2512149810791, 28.166954040527344, 26.74924659729004, 29.958511352539062, 24.01354217529297, 24.846960067749023, 28.586118698120117, 31.0256404876709, 25.60956573486328, 25.483280181884766, 23.183576583862305, 20.956388473510742, 28.9929256439209, 23.52660369873047, 27.150972366333008, 25.88618278503418, 26.922155380249023, 26.683353424072266, 31.63628578186035, 27.995784759521484, 26.007369995117188, 31.074201583862305], "new_base_logit": [19.43720054626465, 18.20967674255371, 15.579045295715332, 19.44477081298828, 19.170515060424805, 19.375986099243164, 17.72257423400879, 21.71422576904297, 19.132522583007812, 18.378538131713867, 19.413127899169922, 20.694334030151367, 19.180892944335938, 18.662296295166016, 19.994686126708984, 19.672374725341797, 19.370943069458008, 17.634363174438477, 16.010435104370117, 24.1727237701416, 24.878053665161133, 18.571266174316406, 20.479724884033203, 18.089954376220703, 18.63016128540039, 20.43560218811035, 19.962268829345703, 15.202301979064941, 15.775315284729004, 18.32833480834961, 19.733003616333008, 19.8209228515625, 18.590576171875, 16.786977767944336, 19.87706184387207, 20.009960174560547, 15.077357292175293, 16.503726959228516, 17.874914169311523, 11.744020462036133, 17.074369430541992, 17.761938095092773, 18.303607940673828, 16.05820655822754, 19.05631446838379, 20.520524978637695, 20.199060440063477, 18.775524139404297, 19.5904541015625, 20.328540802001953], "new_chat_logit": [27.561765670776367, 27.004924774169922, 22.930164337158203, 26.051836013793945, 24.14958953857422, 25.191864013671875, 24.352563858032227, 25.532127380371094, 25.599857330322266, 25.579683303833008, 24.451900482177734, 25.457050323486328, 26.10801887512207, 23.795387268066406, 26.384971618652344, 26.37057876586914, 27.57849884033203, 22.97946548461914, 22.059185028076172, 26.297374725341797, 24.775400161743164, 20.4111385345459, 29.019075393676758, 24.679121017456055, 22.59698486328125, 21.828989028930664, 23.472440719604492, 21.283241271972656, 23.317901611328125, 26.08599090576172, 24.833698272705078, 25.036378860473633, 20.89519500732422, 23.813222885131836, 24.994361877441406, 30.056034088134766, 25.208084106445312, 24.20994758605957, 24.07933235168457, 20.447998046875, 25.775938034057617, 23.324460983276367, 25.236928939819336, 23.723751068115234, 23.61258888244629, 23.458709716796875, 25.206626892089844, 22.732629776000977, 23.195606231689453, 26.135746002197266], "ablate_features": [4383, 22566, 27082, 7242, 21200, 3255, 2936, 18083, 10115, 29807, 2975, 14363, 18740, 24326, 26219, 1996, 16301, 9043, 6272, 27737, 24645, 21400, 23485, 17588, 26120, 3429, 27056, 13517, 4296, 16712, 20869, 8888, 31952, 14562]}