{"orig_base_logit": [16.800312042236328, 16.795869827270508, 16.79037094116211, 19.272043228149414, 16.23799705505371, 16.19864273071289, 18.104740142822266, 20.522281646728516, 20.20975685119629, 19.458812713623047, 19.981361389160156, 20.234254837036133, 19.180402755737305, 20.353227615356445, 17.814756393432617, 17.504730224609375, 17.73014259338379, 23.987173080444336, 16.39482879638672, 18.773176193237305, 14.817964553833008, 17.762338638305664, 15.390214920043945, 20.419254302978516, 17.978748321533203, 18.88665199279785, 16.81475257873535, 19.39276885986328, 18.51663589477539, 18.130111694335938, 17.737930297851562, 19.44612693786621, 16.566606521606445, 20.483064651489258, 21.81307029724121, 16.172409057617188, 17.912200927734375, 20.55400276184082, 17.30908203125, 17.686687469482422, 19.455812454223633, 19.492582321166992, 15.251895904541016, 18.581451416015625], "orig_chat_logit": [19.82876968383789, 21.321889877319336, 22.25288200378418, 23.40057945251465, 21.089996337890625, 21.366073608398438, 21.34224510192871, 23.953760147094727, 24.231048583984375, 24.345212936401367, 25.787261962890625, 25.392108917236328, 25.303308486938477, 24.35384178161621, 22.671504974365234, 21.595529556274414, 24.02031707763672, 27.510211944580078, 21.00690269470215, 21.7981014251709, 21.311420440673828, 25.889850616455078, 19.74566650390625, 19.037275314331055, 22.48388671875, 22.304689407348633, 18.759931564331055, 26.307035446166992, 27.204927444458008, 27.545818328857422, 27.190488815307617, 23.117610931396484, 22.745084762573242, 23.28047752380371, 23.241239547729492, 23.015676498413086, 25.29268455505371, 26.051137924194336, 21.809722900390625, 17.944110870361328, 22.636308670043945, 16.90188217163086, 23.108579635620117, 23.49765396118164], "new_base_logit": [14.792646408081055, 16.648088455200195, 16.98648452758789, 19.490949630737305, 15.553377151489258, 16.413843154907227, 19.334054946899414, 20.030372619628906, 20.299476623535156, 19.46405029296875, 20.07705307006836, 20.25269889831543, 19.910690307617188, 19.569955825805664, 17.868581771850586, 16.406797409057617, 16.16751480102539, 21.372285842895508, 18.055049896240234, 16.590980529785156, 15.011902809143066, 17.92259979248047, 16.261430740356445, 21.396427154541016, 17.896337509155273, 18.50089454650879, 17.031564712524414, 17.88991928100586, 19.08614730834961, 17.787109375, 17.72248077392578, 18.2462158203125, 15.807004928588867, 20.268892288208008, 20.943994522094727, 16.641002655029297, 17.0158748626709, 19.878694534301758, 13.588014602661133, 16.983430862426758, 18.1000919342041, 18.986467361450195, 15.61485481262207, 18.488277435302734], "new_chat_logit": [17.01852798461914, 19.58308219909668, 21.917497634887695, 22.93999481201172, 20.036190032958984, 21.174381256103516, 21.23178482055664, 23.63614845275879, 23.45830535888672, 25.49312973022461, 26.21750831604004, 25.34792709350586, 25.251480102539062, 24.068401336669922, 20.346426010131836, 21.2381534576416, 22.718441009521484, 24.981578826904297, 21.666793823242188, 23.33141326904297, 20.818593978881836, 26.776151657104492, 19.937225341796875, 20.560365676879883, 21.317363739013672, 21.569442749023438, 19.1973934173584, 23.97693634033203, 24.973957061767578, 26.530864715576172, 23.479877471923828, 23.22137451171875, 22.707632064819336, 23.496129989624023, 23.342117309570312, 21.474441528320312, 24.052982330322266, 25.303491592407227, 21.395034790039062, 16.7515926361084, 21.96135902404785, 17.437847137451172, 23.840049743652344, 23.760242462158203], "ablate_features": [4383, 22566, 27082, 7242, 21200, 3255, 2936, 18083, 10115, 29807, 2975, 14363, 18740, 24326, 26219, 1996, 16301, 9043, 6272, 27737, 24645, 21400, 23485, 17588, 26120, 3429, 27056, 13517, 4296, 16712, 20869, 8888, 31952, 14562, 21376, 16723, 28650, 32093, 32760, 24841, 17657, 1458, 9747, 763, 13063, 5555, 19890, 4123, 3516, 24525, 3815, 28649, 21485, 4852, 31160, 12643, 27946, 19518, 31562, 10381, 17122, 28819, 22383, 6822, 6737, 26687]}