{"orig_base_logit": [14.839232444763184, 17.218393325805664, 16.881179809570312, 18.88735580444336, 14.701495170593262, 17.4421443939209, 17.612337112426758, 12.16097354888916, 11.152671813964844, 13.99181079864502, 9.933326721191406, 10.746896743774414, 12.10119915008545, 15.886809349060059, 10.496708869934082, 16.573078155517578, 10.53812026977539, 11.716178894042969, 13.06276798248291, 15.84496021270752, 15.789247512817383, 18.066492080688477, 14.519329071044922, 10.336282730102539, 12.048942565917969, 12.46016788482666, 13.66653823852539, 14.935897827148438, 12.87247371673584, 14.440818786621094, 15.224474906921387, 15.638548851013184, 14.191036224365234, 14.954151153564453, 17.403362274169922, 17.673744201660156, 17.18585777282715, 20.321544647216797, 18.250755310058594, 10.145310401916504, 14.861715316772461, 15.228140830993652, 16.64775276184082, 15.686264991760254, 17.89686393737793, 18.275503158569336, 16.907217025756836, 17.709102630615234, 11.566413879394531], "orig_chat_logit": [21.71541404724121, 18.14940071105957, 23.197572708129883, 24.52715301513672, 21.780540466308594, 20.656436920166016, 21.89175796508789, 23.743507385253906, 21.213115692138672, 24.069671630859375, 23.654037475585938, 22.500085830688477, 23.274925231933594, 22.743499755859375, 24.63627815246582, 24.711380004882812, 23.83639907836914, 20.769962310791016, 21.05998992919922, 23.437694549560547, 27.557640075683594, 22.3906192779541, 24.814884185791016, 27.57187271118164, 22.565982818603516, 23.473176956176758, 23.240711212158203, 21.997743606567383, 24.459794998168945, 24.365829467773438, 22.85163688659668, 26.33003044128418, 22.90467643737793, 22.076601028442383, 19.258747100830078, 23.869474411010742, 21.50455093383789, 22.212488174438477, 21.60576820373535, 23.603870391845703, 22.017894744873047, 24.492141723632812, 22.54677963256836, 23.125017166137695, 24.009172439575195, 24.013500213623047, 24.812255859375, 25.37064552307129, 25.31923484802246], "new_base_logit": [14.236586570739746, 17.26262855529785, 17.443788528442383, 18.20664405822754, 14.938057899475098, 16.22707176208496, 17.77289390563965, 11.225299835205078, 10.28665828704834, 12.62557315826416, 8.922110557556152, 12.63464641571045, 12.509490013122559, 14.907572746276855, 11.765663146972656, 13.39826774597168, 11.969886779785156, 10.208290100097656, 14.404143333435059, 15.19255256652832, 17.23116111755371, 17.048118591308594, 15.660426139831543, 11.588637351989746, 12.46209716796875, 12.432178497314453, 16.316572189331055, 17.60776138305664, 13.385519981384277, 14.338348388671875, 15.534295082092285, 16.0469913482666, 14.163579940795898, 16.668916702270508, 18.383140563964844, 18.677963256835938, 17.03690528869629, 18.912357330322266, 18.31149673461914, 12.212380409240723, 14.723015785217285, 16.23815155029297, 16.256614685058594, 15.359378814697266, 17.129148483276367, 17.56584930419922, 15.43717098236084, 16.997169494628906, 11.441356658935547], "new_chat_logit": [20.699825286865234, 19.727598190307617, 20.50886344909668, 21.48339080810547, 19.488128662109375, 18.370136260986328, 19.7088565826416, 23.89161491394043, 22.388948440551758, 23.847675323486328, 21.214271545410156, 21.606632232666016, 22.45054817199707, 23.828569412231445, 25.176515579223633, 22.433732986450195, 25.557558059692383, 21.59619903564453, 22.205678939819336, 23.32569122314453, 24.42938995361328, 21.137826919555664, 23.38545036315918, 29.44007110595703, 19.401100158691406, 23.47552490234375, 22.304719924926758, 21.454036712646484, 21.729297637939453, 22.543596267700195, 19.984821319580078, 23.04836654663086, 20.921966552734375, 21.419960021972656, 20.393898010253906, 20.370464324951172, 17.529144287109375, 20.63932228088379, 17.049158096313477, 23.342329025268555, 22.152664184570312, 23.29157066345215, 19.833051681518555, 22.583921432495117, 22.063566207885742, 22.04741096496582, 22.4586238861084, 21.660921096801758, 23.192089080810547], "ablate_features": [6144, 18434, 12292, 16390, 14347, 24592, 12305, 2066, 6162, 10261, 16406, 14360, 25, 4121, 24600, 26648, 12317, 8224, 8228, 38, 20524, 24621, 4143, 6191, 2098, 26675, 6197, 18486, 16447, 18497, 24641, 14404, 8265, 20557, 22605, 2130, 24659, 30805, 22614, 4187, 24668, 28764, 2143, 16481, 99, 16483, 24678, 28775, 30824, 24683, 8301, 22638, 114, 115, 20596, 121, 12411, 126, 130, 4227, 8322, 2181, 18567, 14473, 14474, 20620, 4242, 4246, 20630, 10392, 20633, 30870, 14493, 30877, 16545, 14498, 18594, 18597, 30888, 6313, 14506, 26795, 22703, 30896, 24754, 20659, 180, 22712, 8380, 20668, 28863, 4289, 30916, 18630, 14535, 6346, 8394, 2252, 2253, 12491, 24778, 12497, 26837, 16598, 24793, 16602, 219, 30939, 24797, 20702, 24799, 6372, 30948, 24806, 12521, 4334, 24814, 16625, 6391, 10490, 24826, 4349, 20739, 22791, 16648, 22793, 10506, 267, 24842, 28938, 30990, 6416, 18704, 2323, 2324, 10517, 12574, 22814, 14624, 12577, 22815, 31013, 6438, 2343, 6439, 10534, 4394, 10535, 28973, 6446, 303, 18737, 22836, 8501, 2360, 26936, 28985, 16701, 4415, 10559, 18753, 6467, 325, 326, 8517, 328, 6472, 10567, 14662, 16717, 334, 31056, 10577, 24915, 26965, 10582, 14678, 6488, 16727, 24924, 6496, 29026, 12646, 8551, 360, 16745, 14698, 22890, 31083, 12654, 24945, 26995, 26998, 2424, 10616, 16762, 4476, 10620, 12670, 2433, 4483, 2436, 10627, 10628, 27018, 8587, 12684, 2445, 398, 8599, 8600, 29087, 419, 20903, 18858, 22956, 27057, 25010, 12723, 20915, 31156, 10684, 20924, 18878, 20926, 6592, 8641, 31165, 10691, 16836, 31171, 14790, 31174, 6600, 20939, 22990, 25040, 12753, 2514, 4562, 2516, 22993, 31190, 12762, 29146, 12766, 20958, 8672, 25058, 2531, 25060, 29155, 10728, 6634, 20971, 20972, 20973, 8686, 14831, 12786, 25075, 10740, 12789, 504, 14841, 2556, 2558, 27138, 18949, 6664, 27144, 522, 16907, 21005, 29197, 18960, 29201, 31251, 12820, 4630, 18966, 29206, 8729, 25113, 6684, 25116, 14878, 14879, 18974, 6691, 25123, 21029, 14890, 23084, 561, 6708, 25140, 14903, 2616, 16952, 31288, 31290, 29248, 8769, 14915, 6730, 21068, 19023, 4688, 6745, 12892, 12893, 23134, 27228, 10848, 4705, 613, 19046, 16999, 29285, 618, 8811, 17004, 4717, 23147, 19057, 8818, 17010, 25202, 17013, 29303, 25213, 23166, 23167, 21123, 12932, 25221, 29322, 14987, 4749, 10893, 25231, 21136, 31382, 31383, 23192, 25240, 15005, 10911, 17057, 17058, 10915, 19109, 21158, 6826, 15024, 8888, 29379, 8900, 15045, 8903, 13000, 21191, 6859, 716, 17100, 27341, 8913, 17105, 27349, 29397, 2776, 736, 21218, 23269, 17128, 745, 6889, 19176, 23274, 27373, 6896, 10993, 754, 21236, 4853, 23285, 761, 6905, 4861, 2814, 11007, 4864, 23293, 4866, 27391, 31490, 27402, 17165, 25357, 27407, 8978, 2837, 27418, 2843, 19231, 4902, 27432, 27433, 29480, 29484, 6957, 2867, 23347, 31541, 25401, 13114, 4923, 4924, 31548, 31549, 6975, 4929, 29505, 25412, 23368, 29514, 6989, 27469, 6993, 9042, 29525, 13142, 13144, 9049, 4955, 9052, 27484, 4958, 863, 27487, 4962, 29539, 7012, 11109, 17255, 31595, 17260, 29549, 13166, 9071, 7026, 31603, 21365, 25463, 4985, 11129, 17273, 21370, 31613, 31614, 27521, 4994, 31619, 31622, 7047, 31623, 7049, 23434, 25482, 29582, 15248, 17298, 15252, 13205, 7064, 21401, 9123, 2980, 13219, 5032, 15272, 23465, 23466, 9135, 31665, 11193, 29628, 17341, 17342, 31678, 31682, 963, 971, 23500, 15311, 9169, 27601, 31698, 7124, 7131, 3036, 11229, 991, 3039, 3041, 7136, 17376, 23525, 27622, 19432, 29673, 11242, 11245, 13293, 15341, 19440, 23535, 29679, 23540, 13301, 29686, 29687, 25592, 11260, 23550, 17410, 23556, 23557, 7174, 21512, 31758, 11279, 1040, 15383, 21527, 23580, 11295, 17440, 23583, 17442, 1059, 11299, 17444, 19496, 19499, 19501, 19502, 27694, 1073, 23607, 3129, 9274, 21562, 31803, 31807, 13376, 3141, 9286, 25669, 29765, 25674, 5195, 23628, 13391, 23638, 31834, 25691, 7266, 9317, 21606, 25705, 17516, 23660, 15470, 25708, 13426, 31859, 29815, 23674, 5246, 13441, 17537, 19585, 13444, 19590, 11399, 9352, 5258, 21647, 27791, 25745, 11412, 3221, 13465, 19610, 9374, 29856, 27814, 29863, 13481, 1194, 5291, 23726, 19637, 3255, 13496, 17592, 13498, 7358, 29887, 