{"orig_base_logit": [14.839232444763184, 17.218393325805664, 16.881179809570312, 18.88735580444336, 14.701495170593262, 17.4421443939209, 17.612337112426758, 12.16097354888916, 11.152671813964844, 13.99181079864502, 9.933326721191406, 10.746896743774414, 12.10119915008545, 15.886809349060059, 10.496708869934082, 16.573078155517578, 10.53812026977539, 11.716178894042969, 13.06276798248291, 15.84496021270752, 15.789247512817383, 18.066492080688477, 14.519329071044922, 10.336282730102539, 12.048942565917969, 12.46016788482666, 13.66653823852539, 14.935897827148438, 12.87247371673584, 14.440818786621094, 15.224474906921387, 15.638548851013184, 14.191036224365234, 14.954151153564453, 17.403362274169922, 17.673744201660156, 17.18585777282715, 20.321544647216797, 18.250755310058594, 10.145310401916504, 14.861715316772461, 15.228140830993652, 16.64775276184082, 15.686264991760254, 17.89686393737793, 18.275503158569336, 16.907217025756836, 17.709102630615234, 11.566413879394531], "orig_chat_logit": [21.71541404724121, 18.14940071105957, 23.197572708129883, 24.52715301513672, 21.780540466308594, 20.656436920166016, 21.89175796508789, 23.743507385253906, 21.213115692138672, 24.069671630859375, 23.654037475585938, 22.500085830688477, 23.274925231933594, 22.743499755859375, 24.63627815246582, 24.711380004882812, 23.83639907836914, 20.769962310791016, 21.05998992919922, 23.437694549560547, 27.557640075683594, 22.3906192779541, 24.814884185791016, 27.57187271118164, 22.565982818603516, 23.473176956176758, 23.240711212158203, 21.997743606567383, 24.459794998168945, 24.365829467773438, 22.85163688659668, 26.33003044128418, 22.90467643737793, 22.076601028442383, 19.258747100830078, 23.869474411010742, 21.50455093383789, 22.212488174438477, 21.60576820373535, 23.603870391845703, 22.017894744873047, 24.492141723632812, 22.54677963256836, 23.125017166137695, 24.009172439575195, 24.013500213623047, 24.812255859375, 25.37064552307129, 25.31923484802246], "new_base_logit": [14.369974136352539, 17.462495803833008, 17.663883209228516, 18.999757766723633, 14.39765453338623, 16.81026840209961, 17.144514083862305, 11.499930381774902, 10.306832313537598, 13.58874797821045, 8.927286148071289, 12.372769355773926, 12.897014617919922, 16.20482635498047, 12.058120727539062, 14.079859733581543, 12.253715515136719, 10.932672500610352, 14.76174259185791, 16.045055389404297, 17.02126121520996, 18.31391143798828, 15.654362678527832, 11.723663330078125, 13.379462242126465, 12.227842330932617, 15.514189720153809, 17.043437957763672, 13.861282348632812, 15.220702171325684, 15.668760299682617, 15.77804946899414, 14.33644962310791, 16.65015411376953, 18.2457332611084, 18.649635314941406, 15.755971908569336, 20.309877395629883, 17.795909881591797, 12.113801956176758, 14.155479431152344, 16.049081802368164, 16.628225326538086, 15.988107681274414, 17.185853958129883, 17.828645706176758, 15.969930648803711, 17.255962371826172, 11.583455085754395], "new_chat_logit": [20.95267677307129, 19.816020965576172, 22.607454299926758, 23.280261993408203, 20.88182830810547, 19.561935424804688, 20.019878387451172, 23.62116050720215, 21.933927536010742, 23.729347229003906, 22.60831069946289, 22.46567726135254, 22.479904174804688, 24.84979248046875, 24.707975387573242, 24.16364097595215, 26.22698402404785, 21.88349723815918, 22.51349449157715, 24.2359619140625, 25.486337661743164, 21.890474319458008, 23.539587020874023, 29.10413932800293, 19.238452911376953, 22.686738967895508, 22.720823287963867, 21.2790470123291, 24.022972106933594, 23.443069458007812, 21.366893768310547, 26.2221736907959, 22.341257095336914, 22.389204025268555, 21.550569534301758, 23.102930068969727, 20.824947357177734, 21.535354614257812, 20.773725509643555, 23.17606544494629, 20.89973258972168, 23.097389221191406, 20.355274200439453, 23.275297164916992, 23.184024810791016, 22.058284759521484, 24.024229049682617, 23.507118225097656, 23.778005599975586], "ablate_features": [21888, 16258, 12932, 2181, 18567, 5258, 24463, 10517, 4246, 29976, 3363, 10534, 26538, 5291, 6191, 21807, 21809, 4018, 25140, 21813, 18486, 13751, 1469, 4415, 11584, 18630, 328, 20429, 10577, 31834, 31962, 26460, 28389, 12646, 6889, 618, 25075, 13301, 25463, 11260, 24189]}