{"orig_base_logit": [14.839232444763184, 17.218393325805664, 16.881179809570312, 18.88735580444336, 14.701495170593262, 17.4421443939209, 17.612337112426758, 12.16097354888916, 11.152671813964844, 13.99181079864502, 9.933326721191406, 10.746896743774414, 12.10119915008545, 15.886809349060059, 10.496708869934082, 16.573078155517578, 10.53812026977539, 11.716178894042969, 13.06276798248291, 15.84496021270752, 15.789247512817383, 18.066492080688477, 14.519329071044922, 10.336282730102539, 12.048942565917969, 12.46016788482666, 13.66653823852539, 14.935897827148438, 12.87247371673584, 14.440818786621094, 15.224474906921387, 15.638548851013184, 14.191036224365234, 14.954151153564453, 17.403362274169922, 17.673744201660156, 17.18585777282715, 20.321544647216797, 18.250755310058594, 10.145310401916504, 14.861715316772461, 15.228140830993652, 16.64775276184082, 15.686264991760254, 17.89686393737793, 18.275503158569336, 16.907217025756836, 17.709102630615234, 11.566413879394531], "orig_chat_logit": [21.71541404724121, 18.14940071105957, 23.197572708129883, 24.52715301513672, 21.780540466308594, 20.656436920166016, 21.89175796508789, 23.743507385253906, 21.213115692138672, 24.069671630859375, 23.654037475585938, 22.500085830688477, 23.274925231933594, 22.743499755859375, 24.63627815246582, 24.711380004882812, 23.83639907836914, 20.769962310791016, 21.05998992919922, 23.437694549560547, 27.557640075683594, 22.3906192779541, 24.814884185791016, 27.57187271118164, 22.565982818603516, 23.473176956176758, 23.240711212158203, 21.997743606567383, 24.459794998168945, 24.365829467773438, 22.85163688659668, 26.33003044128418, 22.90467643737793, 22.076601028442383, 19.258747100830078, 23.869474411010742, 21.50455093383789, 22.212488174438477, 21.60576820373535, 23.603870391845703, 22.017894744873047, 24.492141723632812, 22.54677963256836, 23.125017166137695, 24.009172439575195, 24.013500213623047, 24.812255859375, 25.37064552307129, 25.31923484802246], "new_base_logit": [14.294821739196777, 17.421316146850586, 17.689233779907227, 18.44284439086914, 14.367217063903809, 16.340248107910156, 17.749374389648438, 11.36739444732666, 10.341163635253906, 12.895674705505371, 9.308095932006836, 12.474778175354004, 12.44520378112793, 15.22236442565918, 11.947229385375977, 13.864784240722656, 12.170792579650879, 10.344135284423828, 14.411060333251953, 15.382216453552246, 17.223604202270508, 17.02082633972168, 15.551419258117676, 11.603818893432617, 12.451919555664062, 12.328839302062988, 16.104778289794922, 17.241466522216797, 13.555068016052246, 13.944220542907715, 15.496285438537598, 16.069488525390625, 14.331647872924805, 16.69193458557129, 18.769262313842773, 18.41053009033203, 16.558807373046875, 19.52674674987793, 18.245378494262695, 12.152088165283203, 14.62122631072998, 16.137657165527344, 16.111309051513672, 15.381211280822754, 17.164506912231445, 17.580326080322266, 15.226888656616211, 17.389629364013672, 11.434828758239746], "new_chat_logit": [20.52312469482422, 19.16790199279785, 22.00181770324707, 22.723194122314453, 20.206520080566406, 18.47276496887207, 20.626041412353516, 23.926258087158203, 22.43659210205078, 23.835128784179688, 21.66996955871582, 21.826343536376953, 22.552093505859375, 23.98793601989746, 25.211273193359375, 23.331775665283203, 25.701072692871094, 21.730396270751953, 22.37960433959961, 23.595195770263672, 24.703161239624023, 21.223426818847656, 23.443601608276367, 29.528181076049805, 19.354772567749023, 23.48243522644043, 22.380434036254883, 21.51059913635254, 22.28323745727539, 22.717607498168945, 20.107770919799805, 25.04388427734375, 21.242830276489258, 22.183332443237305, 20.000774383544922, 22.188289642333984, 19.926815032958984, 20.35342788696289, 19.655048370361328, 23.313560485839844, 22.21350860595703, 23.527517318725586, 20.049625396728516, 22.87088966369629, 23.18107032775879, 22.08365821838379, 22.87823486328125, 22.22378921508789, 23.479663848876953], "ablate_features": [6144, 12292, 16390, 14347, 24592, 14360, 24600, 38, 20524, 6191, 6197, 18486, 18497, 14404, 2130, 4187, 24668, 2143, 16483, 24678, 30824, 115, 121, 2181, 18567, 14474, 20620, 4246, 20630, 10392, 20633, 30877, 14498, 30888, 6313, 26795, 24754, 22712, 20668, 28863, 4289, 30916, 18630, 14535, 24778, 12491, 2252, 2253, 16598, 16602, 30939, 24799, 30948, 24806, 6391, 16648, 10506, 28938, 30990, 6416, 18704, 10517, 12574, 22814, 14624, 22815, 31013, 10534, 6439, 10535, 28973, 6446, 303, 18737, 22836, 2360, 26936, 28985, 4415, 10559, 18753, 6467, 10567, 328, 334, 31056, 10577, 24915, 26965, 6488, 24924, 12646, 8551, 16745, 14698, 31083, 24945, 2424, 10616, 4476, 10620, 12670, 10627, 27018, 8587, 12684, 8600, 419, 20903, 12723, 20915, 10684, 20924, 18878, 20926, 31165, 16836, 20939, 25040, 22993, 31190, 12762, 2531, 20971, 8686, 25075, 12789, 504, 2556, 2558, 27138, 29197, 18960, 29201, 29206, 25113, 14878, 14879, 18974, 25140, 14903, 2616, 19023, 4688, 27228, 12893, 23134, 618, 23147, 19057, 17010, 29303, 25213, 23167, 12932, 29322, 14987, 4749, 25231, 21136, 31383, 23192, 15005, 17057, 19109, 21158, 15024, 8888, 29379, 15045, 21191, 13000, 17100, 27341, 17105, 27349, 29397, 2776, 736, 21218, 23269, 17128, 6889, 23274, 6896, 754, 21236, 23285, 761, 6905, 4861, 2814, 23293, 4864, 27391, 4866, 8978, 27418, 4902, 27432, 27433, 23347, 31541, 25401, 13114, 4923, 4924, 31549, 6975, 4929, 29505, 23368, 29514, 27469, 9042, 29525, 13142, 9049, 4955, 9052, 4958, 863, 4962, 29539, 11109, 17255, 17260, 29549, 31603, 25463, 17273, 31614, 27521, 4994, 31619, 31623, 23434, 25482, 29582, 15252, 21401, 13219, 2980, 5032, 15272, 23465, 23466, 11193, 29628, 17342, 31682, 963, 971, 23500, 15311, 27601, 31698, 7124, 3036, 3039, 7136, 27622, 19432, 11242, 11245, 13293, 29679, 19440, 13301, 29686, 25592, 11260, 23556, 23557, 21527, 23580, 17442, 1059, 11299, 19496, 19499, 19502, 27694, 23607, 3129, 31807, 13376, 9286, 23628, 13391, 23638, 31834, 25691, 9317, 25705, 15470, 31859, 29815, 5246, 13441, 17537, 19585, 13444, 5258, 21647, 27791, 3221, 19610, 29863, 13481, 5291, 3255, 31934, 5313, 13506, 1226, 31948, 1236, 21716, 9430, 5338, 31962, 3295, 17631, 15587, 25828, 27886, 13560, 21753, 15610, 19710, 1280, 13571, 21772, 15629, 29976, 3363, 5411, 25891, 15655, 1320, 5417, 25895, 21807, 23856, 21809, 15669, 21813, 11584, 32064, 3395, 17731, 1352, 23881, 32080, 27985, 23890, 7511, 30040, 13674, 13677, 23917, 7537, 28017, 7543, 30072, 17785, 19835, 25979, 21888, 11650, 13698, 25989, 5512, 32140, 23951, 13713, 9628, 26021, 7593, 30127, 30128, 1462, 5559, 3512, 5560, 13751, 28088, 1469, 23998, 28106, 9686, 9687, 15833, 17898, 32235, 1522, 5625, 9732, 19975, 7688, 32272, 11797, 7712, 17953, 26151, 13864, 5685, 26170, 3643, 20052, 28250, 9820, 5730, 32362, 32366, 9840, 28284, 24189, 7807, 11914, 24203, 9869, 26254, 28302, 30351, 16021, 26264, 24228, 5802, 16044, 5807, 28337, 32435, 20153, 22209, 32449, 9923, 24266, 7886, 26323, 11988, 26326, 26327, 7898, 7905, 28389, 30437, 12012, 20204, 28396, 16116, 12024, 5881, 7933, 26367, 1799, 18183, 16138, 26381, 26386, 28442, 3868, 24352, 24370, 1848, 16185, 28472, 30529, 26437, 3911, 24392, 28501, 26460, 26463, 12135, 12137, 3946, 32619, 20334, 26488, 18297, 26493, 14210, 16258, 6025, 20361, 30605, 1935, 24463, 14231, 16280, 24477, 16286, 24486, 4007, 16298, 26538, 28586, 16304, 4018, 1972, 18371, 22473, 4045, 20429, 12243, 14291, 18398, 12258, 2026, 4081, 16370, 18417, 30707, 2038, 18430]}