{"orig_base_logit": [16.800312042236328, 16.795869827270508, 16.79037094116211, 19.272043228149414, 16.23799705505371, 16.19864273071289, 18.104740142822266, 20.522281646728516, 20.20975685119629, 19.458812713623047, 19.981361389160156, 20.234254837036133, 19.180402755737305, 20.353227615356445, 17.814756393432617, 17.504730224609375, 17.73014259338379, 23.987173080444336, 16.39482879638672, 18.773176193237305, 14.817964553833008, 17.762338638305664, 15.390214920043945, 20.419254302978516, 17.978748321533203, 18.88665199279785, 16.81475257873535, 19.39276885986328, 18.51663589477539, 18.130111694335938, 17.737930297851562, 19.44612693786621, 16.566606521606445, 20.483064651489258, 21.81307029724121, 16.172409057617188, 17.912200927734375, 20.55400276184082, 17.30908203125, 17.686687469482422, 19.455812454223633, 19.492582321166992, 15.251895904541016, 18.581451416015625], "orig_chat_logit": [19.82876968383789, 21.321889877319336, 22.25288200378418, 23.40057945251465, 21.089996337890625, 21.366073608398438, 21.34224510192871, 23.953760147094727, 24.231048583984375, 24.345212936401367, 25.787261962890625, 25.392108917236328, 25.303308486938477, 24.35384178161621, 22.671504974365234, 21.595529556274414, 24.02031707763672, 27.510211944580078, 21.00690269470215, 21.7981014251709, 21.311420440673828, 25.889850616455078, 19.74566650390625, 19.037275314331055, 22.48388671875, 22.304689407348633, 18.759931564331055, 26.307035446166992, 27.204927444458008, 27.545818328857422, 27.190488815307617, 23.117610931396484, 22.745084762573242, 23.28047752380371, 23.241239547729492, 23.015676498413086, 25.29268455505371, 26.051137924194336, 21.809722900390625, 17.944110870361328, 22.636308670043945, 16.90188217163086, 23.108579635620117, 23.49765396118164], "new_base_logit": [14.485810279846191, 16.646236419677734, 16.855119705200195, 19.416412353515625, 15.907140731811523, 16.523977279663086, 19.44511604309082, 20.17314910888672, 20.48516082763672, 19.227161407470703, 20.131107330322266, 20.308372497558594, 19.853837966918945, 19.659273147583008, 17.71782112121582, 16.60553550720215, 16.35603141784668, 21.504831314086914, 18.50999641418457, 16.648155212402344, 14.974124908447266, 18.560270309448242, 16.576101303100586, 21.183332443237305, 17.802492141723633, 18.48061180114746, 17.185537338256836, 18.18894386291504, 18.883811950683594, 17.55381965637207, 18.168838500976562, 18.54268455505371, 16.010133743286133, 21.78386688232422, 21.37374496459961, 16.8380069732666, 16.962413787841797, 19.998464584350586, 13.764535903930664, 16.941190719604492, 18.050355911254883, 18.95334243774414, 15.416561126708984, 18.48624038696289], "new_chat_logit": [17.563339233398438, 19.10733413696289, 21.6002197265625, 22.350053787231445, 20.128868103027344, 21.05869483947754, 20.90561866760254, 23.219749450683594, 23.1175479888916, 25.06732749938965, 25.9771728515625, 25.11549949645996, 25.319164276123047, 24.025114059448242, 19.956859588623047, 20.64150619506836, 22.44355010986328, 24.787240982055664, 21.5465145111084, 23.53050422668457, 20.95058250427246, 26.587106704711914, 20.06228256225586, 19.99722671508789, 20.586013793945312, 21.23539924621582, 19.422657012939453, 24.233428955078125, 24.881853103637695, 26.313884735107422, 23.516796112060547, 23.433218002319336, 22.73163604736328, 23.37221336364746, 23.02434730529785, 21.691659927368164, 23.479421615600586, 25.078413009643555, 21.415895462036133, 16.839942932128906, 21.76621437072754, 17.46541976928711, 23.699331283569336, 23.473495483398438], "ablate_features": [21888, 16258, 27138, 12932, 18567, 12297, 5258, 4749, 24463, 13713, 15252, 5881, 4246, 8599, 10517, 21401, 29976, 10534, 4007, 21158, 30888, 5291, 21807, 21809, 9266, 25140, 5685, 18486, 13751, 21813, 11193, 13114, 10684, 1469, 31934, 11584, 9923, 18630, 328, 6600, 12491, 10577, 22993, 16598, 26327, 11736, 31834, 31962, 7136, 2531, 30948, 618, 3946, 17260, 29421, 11376, 7537, 14450, 25075, 31859, 13301, 2038, 23157, 6905, 11260, 21887]}