{"orig_base_logit": [16.800312042236328, 16.795869827270508, 16.79037094116211, 19.272043228149414, 16.23799705505371, 16.19864273071289, 18.104740142822266, 20.522281646728516, 20.20975685119629, 19.458812713623047, 19.981361389160156, 20.234254837036133, 19.180402755737305, 20.353227615356445, 17.814756393432617, 17.504730224609375, 17.73014259338379, 23.987173080444336, 16.39482879638672, 18.773176193237305, 14.817964553833008, 17.762338638305664, 15.390214920043945, 20.419254302978516, 17.978748321533203, 18.88665199279785, 16.81475257873535, 19.39276885986328, 18.51663589477539, 18.130111694335938, 17.737930297851562, 19.44612693786621, 16.566606521606445, 20.483064651489258, 21.81307029724121, 16.172409057617188, 17.912200927734375, 20.55400276184082, 17.30908203125, 17.686687469482422, 19.455812454223633, 19.492582321166992, 15.251895904541016, 18.581451416015625], "orig_chat_logit": [19.82876968383789, 21.321889877319336, 22.25288200378418, 23.40057945251465, 21.089996337890625, 21.366073608398438, 21.34224510192871, 23.953760147094727, 24.231048583984375, 24.345212936401367, 25.787261962890625, 25.392108917236328, 25.303308486938477, 24.35384178161621, 22.671504974365234, 21.595529556274414, 24.02031707763672, 27.510211944580078, 21.00690269470215, 21.7981014251709, 21.311420440673828, 25.889850616455078, 19.74566650390625, 19.037275314331055, 22.48388671875, 22.304689407348633, 18.759931564331055, 26.307035446166992, 27.204927444458008, 27.545818328857422, 27.190488815307617, 23.117610931396484, 22.745084762573242, 23.28047752380371, 23.241239547729492, 23.015676498413086, 25.29268455505371, 26.051137924194336, 21.809722900390625, 17.944110870361328, 22.636308670043945, 16.90188217163086, 23.108579635620117, 23.49765396118164], "new_base_logit": [14.589014053344727, 16.149852752685547, 16.107450485229492, 18.564178466796875, 16.151823043823242, 17.112407684326172, 18.6418514251709, 19.894248962402344, 21.172643661499023, 18.5084228515625, 19.245912551879883, 19.82801055908203, 19.699609756469727, 19.73573875427246, 18.478670120239258, 15.94448184967041, 16.304834365844727, 18.597671508789062, 16.901262283325195, 16.864107131958008, 14.965935707092285, 17.639516830444336, 16.130197525024414, 19.79374885559082, 16.870792388916016, 18.272714614868164, 16.5369873046875, 18.436246871948242, 19.070119857788086, 18.62810707092285, 18.079662322998047, 18.257801055908203, 15.514874458312988, 20.50064468383789, 21.00281524658203, 16.939590454101562, 17.17867660522461, 20.14420509338379, 14.52609920501709, 17.098644256591797, 17.932905197143555, 19.159767150878906, 15.217873573303223, 18.229368209838867], "new_chat_logit": [19.970073699951172, 18.88357925415039, 19.77203941345215, 21.385169982910156, 20.291528701782227, 20.74970817565918, 20.861618041992188, 22.9560604095459, 20.80367660522461, 23.833965301513672, 23.81923484802246, 21.009540557861328, 20.867752075195312, 20.684415817260742, 19.591297149658203, 20.228116989135742, 19.594573974609375, 9.398927688598633, 18.11203956604004, 23.01669692993164, 21.39664649963379, 25.102567672729492, 20.825117111206055, 18.41983413696289, 19.775257110595703, 20.6728572845459, 17.68702507019043, 22.548946380615234, 23.349838256835938, 25.31714630126953, 21.346412658691406, 23.389930725097656, 23.07206153869629, 22.057790756225586, 23.23740577697754, 22.342058181762695, 21.32858657836914, 23.987445831298828, 18.859712600708008, 17.330177307128906, 21.610567092895508, 17.126279830932617, 23.739665985107422, 22.33378028869629], "ablate_features": [8197, 16390, 12297, 14347, 28683, 24592, 12305, 14360, 16408, 24600, 18461, 30751, 26656, 28705, 36, 38, 20524, 6191, 18486, 2104, 18492, 16447, 14404, 2130, 4187, 24668, 2143, 16481, 99, 16483, 24683, 8301, 30830, 14450, 115, 6264, 8322, 6278, 6279, 18567, 14474, 20620, 10382, 22670, 4242, 4246, 10392, 20633, 14493, 30877, 14498, 30888, 26795, 24754, 20659, 22712, 18621, 28863, 4289, 18630, 12487, 24778, 12491, 28874, 2253, 24871, 20688, 16598, 30939, 6364, 16607, 24799, 30948, 24806, 8434, 6391, 10490, 12538, 14591, 28928, 16648, 10506, 267, 30990, 18704, 24848, 10517, 14624, 12577, 4386, 22819, 31013, 6438, 2343, 2344, 10534, 4394, 10535, 16684, 22822, 6446, 303, 12591, 18737, 8501, 26936, 4415, 10559, 28995, 328, 334, 10577, 338, 8530, 16723, 24915, 26965, 18775, 6488, 18779, 24924, 22877, 8546, 12646, 8551, 16745, 31083, 364, 365, 4461, 31086, 31088, 29041, 2424, 4476, 10621, 12670, 29053, 12672, 2433, 18818, 10627, 29065, 16779, 31117, 398, 29070, 27026, 29078, 8599, 31127, 409, 12701, 14753, 419, 20903, 18858, 22956, 4526, 31151, 27057, 8627, 6588, 10684, 18878, 20926, 6592, 31165, 31171, 16836, 14790, 2503, 6600, 20936, 20939, 25040, 6609, 22993, 18901, 29141, 25058, 2531, 23011, 25060, 29158, 2535, 6634, 499, 25075, 12789, 504, 31224, 2556, 16893, 2558, 4610, 27138, 6664, 27144, 16907, 18960, 29201, 14873, 25113, 14878, 4640, 27168, 25123, 27175, 27176, 25140, 14903, 2616, 25143, 2619, 27195, 14915, 25155, 23111, 10824, 19017, 4688, 27228, 4702, 23134, 8800, 16995, 618, 8811, 8813, 25202, 23157, 29303, 25213, 2686, 10878, 23167, 12932, 14987, 14988, 4749, 662, 23192, 10908, 15005, 10911, 29344, 17057, 17058, 19109, 21158, 6826, 25259, 10926, 15024, 25264, 19123, 8888, 31419, 702, 29379, 21191, 13000, 17100, 27341, 8913, 17105, 27349, 2776, 729, 19162, 8924, 31454, 21218, 23269, 17128, 745, 6889, 29421, 8943, 6896, 10993, 754, 21236, 23285, 6905, 4861, 27391, 4864, 27402, 8978, 794, 2843, 21277, 25377, 29473, 27432, 27433, 29484, 23347, 25396, 31541, 17207, 25401, 13114, 25402, 27450, 4929, 19266, 29505, 21316, 13128, 13130, 19275, 27469, 9042, 29523, 29525, 9049, 4958, 863, 27487, 865, 4962, 11109, 17255, 23399, 27497, 17260, 13166, 31603, 25463, 17273, 21370, 4990, 31614, 27521, 31619, 27525, 7047, 7049, 25482, 29582, 17298, 15252, 19352, 21401, 7070, 9123, 2980, 25509, 5032, 23465, 23466, 27576, 11193, 29628, 23489, 25538, 7109, 15305, 29642, 971, 17358, 31698, 7124, 25559, 7129, 27609, 7131, 3036, 19422, 3039, 7136, 17376, 25571, 21477, 23525, 19432, 5097, 11242, 25578, 23532, 11245, 15341, 23535, 19440, 29674, 29679, 13301, 29686, 15355, 11260, 23556, 1029, 23557, 21513, 29706, 17420, 15374, 29713, 13332, 19477, 15385, 17442, 13347, 17444, 25635, 19499, 19502, 27694, 9266, 13368, 9274, 21562, 31807, 13378, 11333, 9286, 21573, 29765, 1097, 9289, 5195, 23628, 13391, 27728, 21585, 9298, 21586, 23634, 23638, 31831, 13400, 31834, 25691, 25693, 7266, 9314, 29797, 9321, 9322, 25705, 3183, 11376, 31859, 29815, 5246, 19585, 25731, 19590, 11399, 5258, 3213, 11405, 21647, 27791, 1169, 19603, 9364, 13465, 19610, 27814, 29863, 13481, 27818, 5291, 21676, 19637, 7358, 31934, 5313, 13506, 1221, 1235, 21716, 9430, 31960, 31962, 19677, 27869, 19680, 23777, 15587, 25828, 27875, 31980, 27886, 29937, 13555, 23799, 13560, 7420, 5375, 25855, 13571, 1285, 21772, 15629, 23822, 3343, 32012, 32017, 15636, 29976, 5411, 5412, 15655, 1320, 5417, 21801, 25895, 21807, 21809, 5426, 15669, 21813, 15672, 11584, 32064, 19780, 1352, 13640, 23881, 15693, 7503, 32080, 23890, 15700, 30038, 21847, 17756, 32094, 21855, 19813, 17766, 13674, 13677, 17774, 21870, 7537, 28017, 1396, 19829, 7543, 13687, 30072, 9594, 19835, 21887, 21888, 11650, 13699, 25989, 11656, 9609, 28040, 13713, 1427, 13716, 5528, 23960, 7593, 30127, 3505, 13751, 5560, 28090, 17851, 1469, 28095, 7617, 9671, 28106, 32206, 9686, 11736, 7643, 28133, 17898, 32235, 17902, 7664, 24061, 3588, 9732, 17925, 19975, 7688, 24073, 7712, 17953, 32294, 13864, 11826, 5685, 20021, 32310, 24130, 20038, 24139, 13907, 28245, 9820, 26204, 5733, 24165, 26215, 13928, 32362, 30317, 32366, 9840, 32368, 26231, 32375, 20089, 13946, 3707, 15995, 24189, 13953, 18056, 11914, 5772, 24204, 26254, 28302, 30351, 16021, 16022, 13979, 20124, 9887, 20127, 24228, 5802, 16044, 5807, 28337, 32435, 30388, 30390, 30401, 32449, 9923, 1734, 26323, 11988, 5845, 3798, 11990, 26327, 11993, 7898, 22235, 24281, 7905, 7906, 12001, 28389, 12006, 30437, 12012, 28396, 32493, 