{"orig_base_logit": [14.839232444763184, 17.218393325805664, 16.881179809570312, 18.88735580444336, 14.701495170593262, 17.4421443939209, 17.612337112426758, 12.16097354888916, 11.152671813964844, 13.99181079864502, 9.933326721191406, 10.746896743774414, 12.10119915008545, 15.886809349060059, 10.496708869934082, 16.573078155517578, 10.53812026977539, 11.716178894042969, 13.06276798248291, 15.84496021270752, 15.789247512817383, 18.066492080688477, 14.519329071044922, 10.336282730102539, 12.048942565917969, 12.46016788482666, 13.66653823852539, 14.935897827148438, 12.87247371673584, 14.440818786621094, 15.224474906921387, 15.638548851013184, 14.191036224365234, 14.954151153564453, 17.403362274169922, 17.673744201660156, 17.18585777282715, 20.321544647216797, 18.250755310058594, 10.145310401916504, 14.861715316772461, 15.228140830993652, 16.64775276184082, 15.686264991760254, 17.89686393737793, 18.275503158569336, 16.907217025756836, 17.709102630615234, 11.566413879394531], "orig_chat_logit": [21.71541404724121, 18.14940071105957, 23.197572708129883, 24.52715301513672, 21.780540466308594, 20.656436920166016, 21.89175796508789, 23.743507385253906, 21.213115692138672, 24.069671630859375, 23.654037475585938, 22.500085830688477, 23.274925231933594, 22.743499755859375, 24.63627815246582, 24.711380004882812, 23.83639907836914, 20.769962310791016, 21.05998992919922, 23.437694549560547, 27.557640075683594, 22.3906192779541, 24.814884185791016, 27.57187271118164, 22.565982818603516, 23.473176956176758, 23.240711212158203, 21.997743606567383, 24.459794998168945, 24.365829467773438, 22.85163688659668, 26.33003044128418, 22.90467643737793, 22.076601028442383, 19.258747100830078, 23.869474411010742, 21.50455093383789, 22.212488174438477, 21.60576820373535, 23.603870391845703, 22.017894744873047, 24.492141723632812, 22.54677963256836, 23.125017166137695, 24.009172439575195, 24.013500213623047, 24.812255859375, 25.37064552307129, 25.31923484802246], "new_base_logit": [14.177202224731445, 17.214900970458984, 17.701885223388672, 18.092702865600586, 14.48986530303955, 16.539813995361328, 17.484363555908203, 11.649138450622559, 10.311214447021484, 13.307979583740234, 9.512681007385254, 12.52934455871582, 12.471966743469238, 15.569808006286621, 12.042360305786133, 14.067924499511719, 12.332680702209473, 10.597079277038574, 14.5350923538208, 15.564867973327637, 16.952205657958984, 16.36157989501953, 14.968180656433105, 11.453535079956055, 12.46414566040039, 12.23883056640625, 15.469348907470703, 16.825305938720703, 13.216653823852539, 13.350674629211426, 15.30860710144043, 15.908279418945312, 14.405044555664062, 16.409469604492188, 18.45732307434082, 18.226896286010742, 16.08881187438965, 20.30019187927246, 18.325618743896484, 12.149482727050781, 14.32717514038086, 15.9161376953125, 16.206510543823242, 15.62370777130127, 17.169509887695312, 17.788917541503906, 15.535967826843262, 17.308570861816406, 11.515957832336426], "new_chat_logit": [20.517295837402344, 19.68517303466797, 22.63324546813965, 23.068906784057617, 20.6560115814209, 19.360305786132812, 19.942487716674805, 23.86554527282715, 22.27703094482422, 23.830463409423828, 22.261985778808594, 22.173751831054688, 22.605913162231445, 24.301910400390625, 24.99228286743164, 23.79239273071289, 25.931386947631836, 21.877653121948242, 22.53752899169922, 23.996034622192383, 25.15889549255371, 21.56450653076172, 23.517253875732422, 29.566104888916016, 19.06065559387207, 23.20469093322754, 22.43987274169922, 21.480762481689453, 23.342138290405273, 23.040630340576172, 20.592079162597656, 26.335206985473633, 22.284374237060547, 22.638551712036133, 21.300941467285156, 22.733755111694336, 20.72978401184082, 20.727285385131836, 20.158145904541016, 23.306486129760742, 21.66863250732422, 23.602819442749023, 20.790637969970703, 23.081823348999023, 23.730440139770508, 21.96843147277832, 23.70122718811035, 23.306488037109375, 23.638431549072266], "ablate_features": [27138, 9732, 23556, 16390, 23557, 29197, 18960, 24592, 14878, 7712, 38, 13864, 20524, 6191, 25140, 5685, 18486, 14903, 2616, 31807, 9286, 13391, 2130, 28250, 25691, 27228, 12893, 23134, 31834, 16483, 9317, 618, 32362, 115, 31859, 29303, 24189, 5246, 25213, 12932, 2181, 13444, 18567, 5258, 11914, 14987, 9869, 20620, 21647, 30351, 16021, 4246, 10392, 20633, 17057, 21158, 30888, 13481, 5291, 31934, 5313, 9923, 29379, 18630, 21191, 13000, 12491, 17100, 27341, 17105, 21716, 16598, 26327, 7898, 30939, 31962, 24799, 21218, 25828, 28389, 24806, 30948, 6889, 28396, 27886, 12024, 26367, 4866, 13571, 26381, 8978, 10517, 29976, 22814, 14624, 3363, 10534, 1320, 28973, 21807, 23856, 21809, 24370, 23347, 22836, 15669, 21813, 2360, 16185, 13114, 28472, 28985, 4415, 10559, 4929, 11584, 6467, 29505, 328, 23881, 31056, 10577, 9042, 23890, 24915, 27985, 32080, 6488, 9049, 4955, 26460, 4962, 11109, 12646, 16745, 3946, 13674, 17260, 13677, 24945, 7543, 2424, 18297, 25463, 26493, 12670, 31614, 21888, 27521, 16258, 20361, 25482, 24463, 13713, 21401, 9628, 13219, 2980, 26538, 16304, 4018, 20915, 5559, 5560, 11193, 13751, 28088, 10684, 1469, 20926, 29628, 31165, 18371, 22473, 971, 20939, 20429, 23500, 15311, 7124, 7136, 2531, 11242, 17898, 20971, 13293, 18417, 16370, 25075, 12789, 2038, 13301, 25592, 11260, 2558]}