{"orig_base_logit": [16.800312042236328, 16.795869827270508, 16.79037094116211, 19.272043228149414, 16.23799705505371, 16.19864273071289, 18.104740142822266, 20.522281646728516, 20.20975685119629, 19.458812713623047, 19.981361389160156, 20.234254837036133, 19.180402755737305, 20.353227615356445, 17.814756393432617, 17.504730224609375, 17.73014259338379, 23.987173080444336, 16.39482879638672, 18.773176193237305, 14.817964553833008, 17.762338638305664, 15.390214920043945, 20.419254302978516, 17.978748321533203, 18.88665199279785, 16.81475257873535, 19.39276885986328, 18.51663589477539, 18.130111694335938, 17.737930297851562, 19.44612693786621, 16.566606521606445, 20.483064651489258, 21.81307029724121, 16.172409057617188, 17.912200927734375, 20.55400276184082, 17.30908203125, 17.686687469482422, 19.455812454223633, 19.492582321166992, 15.251895904541016, 18.581451416015625], "orig_chat_logit": [19.82876968383789, 21.321889877319336, 22.25288200378418, 23.40057945251465, 21.089996337890625, 21.366073608398438, 21.34224510192871, 23.953760147094727, 24.231048583984375, 24.345212936401367, 25.787261962890625, 25.392108917236328, 25.303308486938477, 24.35384178161621, 22.671504974365234, 21.595529556274414, 24.02031707763672, 27.510211944580078, 21.00690269470215, 21.7981014251709, 21.311420440673828, 25.889850616455078, 19.74566650390625, 19.037275314331055, 22.48388671875, 22.304689407348633, 18.759931564331055, 26.307035446166992, 27.204927444458008, 27.545818328857422, 27.190488815307617, 23.117610931396484, 22.745084762573242, 23.28047752380371, 23.241239547729492, 23.015676498413086, 25.29268455505371, 26.051137924194336, 21.809722900390625, 17.944110870361328, 22.636308670043945, 16.90188217163086, 23.108579635620117, 23.49765396118164], "new_base_logit": [14.50046443939209, 16.545747756958008, 16.76609230041504, 19.261669158935547, 16.149953842163086, 16.53009033203125, 19.23740577697754, 20.32217788696289, 20.324251174926758, 19.031322479248047, 20.032503128051758, 20.229637145996094, 19.713497161865234, 19.60367774963379, 17.5201473236084, 16.798425674438477, 16.69062614440918, 21.24991226196289, 18.436738967895508, 16.706737518310547, 14.95616340637207, 18.332502365112305, 16.44548797607422, 21.289073944091797, 17.567319869995117, 18.572702407836914, 17.043907165527344, 18.158306121826172, 19.140790939331055, 17.678070068359375, 18.27005386352539, 18.410127639770508, 15.834407806396484, 20.787307739257812, 20.84874725341797, 16.899316787719727, 17.039188385009766, 20.070199966430664, 13.67042064666748, 16.91280746459961, 18.0388126373291, 19.212182998657227, 15.28690242767334, 18.492097854614258], "new_chat_logit": [18.143953323364258, 19.0023250579834, 21.277929306030273, 22.059341430664062, 20.103694915771484, 21.041593551635742, 20.7242431640625, 23.054397583007812, 22.912189483642578, 24.85559844970703, 25.55063819885254, 24.932832717895508, 25.20412254333496, 23.743410110473633, 19.684858322143555, 20.79086685180664, 22.41899871826172, 23.8304500579834, 21.398855209350586, 23.46163558959961, 21.183555603027344, 26.406023025512695, 20.145748138427734, 19.58572769165039, 20.294336318969727, 20.733211517333984, 19.370590209960938, 24.37745475769043, 24.899394989013672, 26.5042724609375, 23.78673553466797, 23.507978439331055, 22.864242553710938, 23.36815071105957, 22.80974006652832, 22.027009963989258, 23.219711303710938, 24.8221492767334, 21.81900978088379, 16.91952133178711, 21.710975646972656, 17.423969268798828, 23.67214012145996, 23.31342124938965], "ablate_features": [27138, 16390, 12297, 18960, 38, 6191, 9266, 25140, 5685, 18486, 14903, 9298, 13400, 31834, 27228, 618, 32362, 11376, 14450, 31859, 23157, 24189, 12932, 6278, 18567, 5258, 14474, 14987, 4749, 4246, 20633, 15005, 24228, 21158, 30888, 13481, 5291, 26795, 31934, 9923, 18630, 13000, 24778, 12491, 17105, 16598, 26327, 31962, 30939, 24799, 21218, 30948, 28389, 29421, 6905, 5881, 26367, 21772, 26381, 8978, 10517, 29976, 5411, 31013, 10534, 21807, 21809, 24370, 8501, 21813, 14135, 13114, 11584, 328, 10577, 9042, 6488, 9049, 26460, 11109, 16745, 3946, 17260, 13677, 7537, 29041, 32626, 7543, 12670, 21887, 21888, 27521, 16258, 25482, 24463, 13713, 15252, 8599, 21401, 4007, 23465, 18858, 30127, 31151, 13751, 11193, 10684, 1469, 20926, 31165, 23489, 6600, 22473, 20939, 20429, 17358, 22993, 11736, 7136, 2531, 17898, 2027, 16370, 25075, 13301, 2038, 11260]}