{"orig_base_logit": [18.943933486938477, 20.104198455810547, 14.825201034545898, 18.95649528503418, 18.542037963867188, 19.715871810913086, 17.211124420166016, 23.985212326049805, 17.832944869995117, 20.411972045898438, 19.57769203186035, 20.943206787109375, 18.895959854125977, 17.61649513244629, 19.92829132080078, 20.15991973876953, 20.66766357421875, 18.737201690673828, 19.533151626586914, 26.018718719482422, 25.68118667602539, 17.992368698120117, 21.566774368286133, 20.564775466918945, 19.648584365844727, 20.159029006958008, 19.4318790435791, 16.528474807739258, 14.516783714294434, 19.1700382232666, 20.094377517700195, 20.4438419342041, 18.638776779174805, 17.79623031616211, 19.732608795166016, 20.0494441986084, 14.270625114440918, 15.680442810058594, 17.837987899780273, 10.961769104003906, 16.589698791503906, 17.368900299072266, 15.589518547058105, 16.65761947631836, 18.84642219543457, 20.6536865234375, 20.408260345458984, 19.13027000427246, 20.62478256225586, 20.892444610595703], "orig_chat_logit": [27.02318572998047, 27.9251651763916, 22.714601516723633, 25.122238159179688, 24.598888397216797, 26.207578659057617, 24.87692642211914, 26.639949798583984, 25.785747528076172, 28.297012329101562, 25.58160400390625, 27.85167121887207, 26.307861328125, 23.857715606689453, 27.629974365234375, 28.410470962524414, 29.770610809326172, 24.07929801940918, 29.74797821044922, 31.895320892333984, 29.298358917236328, 22.17138671875, 31.460344314575195, 28.875675201416016, 22.555953979492188, 21.289648056030273, 22.9162540435791, 23.41248321533203, 23.2512149810791, 28.166954040527344, 26.74924659729004, 29.958511352539062, 24.01354217529297, 24.846960067749023, 28.586118698120117, 31.0256404876709, 25.60956573486328, 25.483280181884766, 23.183576583862305, 20.956388473510742, 28.9929256439209, 23.52660369873047, 27.150972366333008, 25.88618278503418, 26.922155380249023, 26.683353424072266, 31.63628578186035, 27.995784759521484, 26.007369995117188, 31.074201583862305], "new_base_logit": [19.432601928710938, 18.201175689697266, 15.473174095153809, 19.149921417236328, 18.862686157226562, 19.145978927612305, 17.562580108642578, 21.67526626586914, 18.854475021362305, 18.34770965576172, 19.269256591796875, 20.536678314208984, 19.10262107849121, 18.41341209411621, 19.806793212890625, 19.37300682067871, 19.060754776000977, 17.396928787231445, 15.97132682800293, 24.087154388427734, 24.802492141723633, 18.201269149780273, 20.37679100036621, 17.92570686340332, 18.6782169342041, 20.33092498779297, 19.832515716552734, 15.212434768676758, 15.430915832519531, 18.10150909423828, 19.5913028717041, 19.511037826538086, 18.35846710205078, 16.762588500976562, 19.435832977294922, 20.08738136291504, 15.052157402038574, 16.42240333557129, 17.677722930908203, 11.642727851867676, 16.799203872680664, 17.668819427490234, 17.947830200195312, 15.784624099731445, 18.697250366210938, 20.360252380371094, 19.989208221435547, 18.38662338256836, 19.328771591186523, 20.188091278076172], "new_chat_logit": [27.479001998901367, 26.899091720581055, 22.831199645996094, 25.877840042114258, 23.96449089050293, 25.121034622192383, 24.21636390686035, 25.394575119018555, 25.388999938964844, 25.513931274414062, 24.468212127685547, 25.37641716003418, 25.86234474182129, 23.474027633666992, 26.137941360473633, 26.0941104888916, 27.301536560058594, 22.817094802856445, 21.909420013427734, 26.262441635131836, 24.64866828918457, 20.171207427978516, 28.7967586517334, 24.562837600708008, 22.5297794342041, 21.67560577392578, 23.328136444091797, 21.33505630493164, 23.232646942138672, 26.010807037353516, 24.539897918701172, 24.790658950805664, 20.75245475769043, 23.788223266601562, 24.8621883392334, 29.416154861450195, 24.828907012939453, 23.979211807250977, 23.907758712768555, 20.450061798095703, 25.665372848510742, 23.15542221069336, 25.00875473022461, 23.512296676635742, 23.37493324279785, 23.199752807617188, 24.912376403808594, 22.498699188232422, 22.974002838134766, 25.92925262451172], "ablate_features": [21888, 12932, 6278, 18567, 23434, 2328, 21401, 794, 14493, 7712, 19873, 21809, 25780, 21813, 13751, 11584, 30016, 4166, 9686, 28762, 5472, 24160, 2531, 15587, 613, 28396, 12399, 23535, 497, 15219, 21236, 27763, 16761, 24189]}