{"orig_base_logit": [12.162874221801758, 15.682140350341797, 15.854866027832031, 17.9832820892334, 10.934438705444336, 11.591535568237305, 13.471176147460938, 15.772563934326172, 15.4811429977417, 14.067501068115234, 19.263084411621094, 10.139144897460938, 16.920217514038086, 14.858685493469238, 15.13072395324707, 13.687793731689453, 12.188072204589844, 16.89772605895996, 14.377066612243652, 9.259817123413086, 12.362805366516113, 17.503456115722656, 17.258708953857422, 14.821057319641113, 7.695492267608643, 10.996997833251953, 16.249300003051758, 16.059545516967773, 12.949348449707031, 13.912792205810547, 12.401863098144531, 15.818267822265625, 15.354620933532715, 10.776132583618164, 13.291412353515625, 15.808940887451172, 16.876731872558594, 13.780526161193848, 13.719426155090332, 14.359992980957031, 14.9042329788208, 15.04545783996582, 12.638250350952148, 13.961567878723145, 11.664843559265137, 16.444377899169922, 9.32017993927002, 16.21417236328125, 16.795251846313477, 14.984905242919922], "orig_chat_logit": [22.580284118652344, 21.125850677490234, 21.57936668395996, 23.757171630859375, 19.868642807006836, 22.864843368530273, 23.169721603393555, 22.79471206665039, 28.062171936035156, 21.716007232666016, 22.758163452148438, 21.330677032470703, 21.59440040588379, 23.446075439453125, 23.403671264648438, 22.038942337036133, 21.494382858276367, 23.672792434692383, 26.740476608276367, 21.84669303894043, 24.116649627685547, 25.832304000854492, 25.248056411743164, 22.42959213256836, 15.79662799835205, 19.761770248413086, 22.494529724121094, 24.43463134765625, 26.940879821777344, 22.58718490600586, 22.889511108398438, 24.11040496826172, 26.89990997314453, 25.094097137451172, 22.778963088989258, 29.126192092895508, 26.008676528930664, 22.605445861816406, 22.4032039642334, 22.9127197265625, 22.411542892456055, 21.657115936279297, 23.0237979888916, 25.117176055908203, 24.54551124572754, 25.57662582397461, 22.504011154174805, 26.338396072387695, 27.317737579345703, 27.70315170288086], "new_base_logit": [11.755325317382812, 14.56948184967041, 14.514508247375488, 18.094627380371094, 11.636789321899414, 11.817919731140137, 12.008499145507812, 16.231285095214844, 14.212311744689941, 13.5418119430542, 18.514081954956055, 10.247781753540039, 15.595015525817871, 14.763489723205566, 13.321295738220215, 11.866812705993652, 13.33920669555664, 17.182435989379883, 13.668864250183105, 11.78658676147461, 12.219240188598633, 16.62253761291504, 16.822750091552734, 16.58219337463379, 9.175190925598145, 12.45309829711914, 13.5137300491333, 15.452033996582031, 13.999258041381836, 14.015528678894043, 11.187216758728027, 15.981677055358887, 16.312095642089844, 11.612772941589355, 12.65095329284668, 15.598625183105469, 16.933977127075195, 11.694454193115234, 14.902837753295898, 14.870569229125977, 15.447739601135254, 12.340176582336426, 13.177711486816406, 12.602448463439941, 11.524374008178711, 15.829000473022461, 10.226187705993652, 16.25453758239746, 16.072813034057617, 14.243375778198242], "new_chat_logit": [21.694664001464844, 20.96465492248535, 20.10808753967285, 23.635019302368164, 20.053617477416992, 23.3182373046875, 21.373971939086914, 22.483535766601562, 23.36770248413086, 22.72636604309082, 21.877666473388672, 21.443876266479492, 21.04402732849121, 22.40055274963379, 23.20292854309082, 21.27233123779297, 22.12464141845703, 23.097139358520508, 22.376541137695312, 21.031139373779297, 21.66024398803711, 20.581449508666992, 20.861133575439453, 20.91714096069336, 17.74102020263672, 18.965917587280273, 22.5404052734375, 21.384746551513672, 19.712051391601562, 18.348085403442383, 22.81498908996582, 20.32903289794922, 21.854633331298828, 22.918123245239258, 21.52861976623535, 21.592636108398438, 21.308197021484375, 16.148889541625977, 19.515666961669922, 17.056352615356445, 18.466297149658203, 22.421615600585938, 18.99481964111328, 20.858539581298828, 23.47272491455078, 22.282255172729492, 18.637737274169922, 21.969030380249023, 20.404293060302734, 19.463897705078125], "ablate_features": [4383, 22566, 27082, 7242, 21200, 3255, 2936, 18083, 10115, 29807, 2975, 14363, 18740, 24326, 26219, 1996, 16301, 9043, 6272, 27737, 24645, 21400, 23485, 17588, 26120, 3429, 27056, 13517, 4296, 16712, 20869, 8888, 31952, 14562, 21376, 16723, 28650, 32093, 32760, 24841, 17657, 1458, 9747, 763, 13063, 5555, 19890, 4123, 3516, 24525, 3815, 28649, 21485, 4852, 31160, 12643, 27946, 19518, 31562, 10381, 17122, 28819, 22383, 6822, 6737, 26687, 32377, 29908, 5941, 4677, 15178, 15976, 26676, 22232, 615, 11711, 24378, 23595, 6727, 7621, 11411, 17221, 28093, 5324, 16776, 23594, 8802, 29870, 8004, 30347, 8496, 24698, 1748, 16755, 7276, 22524, 20530, 27768, 15555, 549, 14839, 2188, 21104, 5101, 31936, 29515, 17006, 2022, 27088, 16945, 7654, 28741, 14376, 1966, 31316, 10023]}