{"orig_base_logit": [16.800312042236328, 16.795869827270508, 16.79037094116211, 19.272043228149414, 16.23799705505371, 16.19864273071289, 18.104740142822266, 20.522281646728516, 20.20975685119629, 19.458812713623047, 19.981361389160156, 20.234254837036133, 19.180402755737305, 20.353227615356445, 17.814756393432617, 17.504730224609375, 17.73014259338379, 23.987173080444336, 16.39482879638672, 18.773176193237305, 14.817964553833008, 17.762338638305664, 15.390214920043945, 20.419254302978516, 17.978748321533203, 18.88665199279785, 16.81475257873535, 19.39276885986328, 18.51663589477539, 18.130111694335938, 17.737930297851562, 19.44612693786621, 16.566606521606445, 20.483064651489258, 21.81307029724121, 16.172409057617188, 17.912200927734375, 20.55400276184082, 17.30908203125, 17.686687469482422, 19.455812454223633, 19.492582321166992, 15.251895904541016, 18.581451416015625], "orig_chat_logit": [19.82876968383789, 21.321889877319336, 22.25288200378418, 23.40057945251465, 21.089996337890625, 21.366073608398438, 21.34224510192871, 23.953760147094727, 24.231048583984375, 24.345212936401367, 25.787261962890625, 25.392108917236328, 25.303308486938477, 24.35384178161621, 22.671504974365234, 21.595529556274414, 24.02031707763672, 27.510211944580078, 21.00690269470215, 21.7981014251709, 21.311420440673828, 25.889850616455078, 19.74566650390625, 19.037275314331055, 22.48388671875, 22.304689407348633, 18.759931564331055, 26.307035446166992, 27.204927444458008, 27.545818328857422, 27.190488815307617, 23.117610931396484, 22.745084762573242, 23.28047752380371, 23.241239547729492, 23.015676498413086, 25.29268455505371, 26.051137924194336, 21.809722900390625, 17.944110870361328, 22.636308670043945, 16.90188217163086, 23.108579635620117, 23.49765396118164], "new_base_logit": [14.525714874267578, 16.401609420776367, 16.5174560546875, 19.03992462158203, 16.340654373168945, 16.725236892700195, 19.039783477783203, 20.236351013183594, 20.98548126220703, 18.79363441467285, 19.855859756469727, 20.17013931274414, 19.824237823486328, 19.814714431762695, 17.441551208496094, 16.73160171508789, 16.739444732666016, 20.11981964111328, 17.857656478881836, 16.782772064208984, 14.956995964050293, 17.99654769897461, 16.316953659057617, 19.767288208007812, 17.34146499633789, 18.51103401184082, 16.953937530517578, 18.424514770507812, 19.144784927368164, 18.246185302734375, 18.48305320739746, 18.236793518066406, 15.598921775817871, 20.834686279296875, 21.056663513183594, 16.86377716064453, 17.19700050354004, 20.13256072998047, 14.088773727416992, 16.96342658996582, 18.011455535888672, 19.615619659423828, 15.075828552246094, 18.480819702148438], "new_chat_logit": [19.08188247680664, 19.011106491088867, 20.564359664916992, 21.798503875732422, 20.34098243713379, 20.98903465270996, 20.71830940246582, 22.952604293823242, 22.13572883605957, 24.442298889160156, 24.804548263549805, 23.62298011779785, 24.13382339477539, 23.149690628051758, 20.056901931762695, 21.187217712402344, 21.847740173339844, 21.663366317749023, 20.455659866333008, 23.31376838684082, 21.408231735229492, 25.789506912231445, 20.41604995727539, 18.879663467407227, 20.052011489868164, 20.630983352661133, 18.88495635986328, 24.496217727661133, 24.48098373413086, 26.15994644165039, 23.880126953125, 23.522933959960938, 23.083057403564453, 23.11794662475586, 23.08016014099121, 22.286544799804688, 21.950374603271484, 24.290388107299805, 21.812448501586914, 17.068689346313477, 21.71919059753418, 16.922412872314453, 23.714435577392578, 22.92664909362793], "ablate_features": [27138, 16390, 19975, 12297, 18960, 24592, 29201, 24600, 15385, 38, 19499, 20524, 6191, 9266, 25140, 5685, 18486, 14903, 2616, 13368, 21562, 27195, 24130, 14404, 21573, 29765, 1097, 23628, 4688, 2130, 9298, 23634, 31831, 13400, 31834, 27228, 23134, 8800, 16483, 16995, 618, 8811, 32362, 11376, 14450, 115, 25202, 23157, 31859, 29303, 6264, 29815, 24189, 5246, 2686, 19585, 8322, 12932, 6278, 18567, 5258, 11914, 14474, 4749, 14987, 9364, 16021, 4246, 20633, 19610, 20124, 15005, 20127, 17057, 24228, 21158, 29863, 30888, 13481, 5291, 16044, 26795, 19637, 7358, 31934, 9923, 29379, 18630, 13000, 24778, 12491, 27341, 8913, 17105, 21716, 27349, 16598, 26327, 7898, 30939, 31962, 19677, 24799, 21218, 15587, 25828, 28389, 24806, 30437, 30948, 6889, 28396, 29421, 6896, 16116, 21236, 23285, 13560, 6905, 5881, 10490, 1787, 4861, 3837, 25855, 4864, 26367, 28928, 13571, 21772, 26381, 30990, 8978, 15636, 10517, 29976, 21277, 5411, 31013, 10534, 15655, 27432, 4394, 303, 12591, 21807, 21809, 24370, 8501, 15669, 14135, 21813, 13114, 4415, 11584, 4929, 32064, 328, 13640, 19275, 20300, 27469, 10577, 9042, 24403, 24915, 29525, 6488, 9049, 17756, 22877, 26460, 4962, 8546, 11109, 12646, 8551, 18279, 16745, 3946, 13674, 364, 4461, 13677, 17260, 31083, 7537, 22385, 29041, 31088, 32626, 7543, 26488, 19835, 26493, 4990, 12670, 21887, 21888, 11650, 13699, 16258, 25989, 27521, 31619, 6025, 20361, 25482, 30605, 29070, 1935, 24463, 13713, 27026, 15252, 30613, 29078, 8599, 21401, 4007, 5032, 23465, 18858, 30127, 16304, 31151, 4018, 13751, 5560, 11193, 1979, 6588, 1469, 10684, 20926, 29628, 7617, 23489, 31165, 14790, 9671, 6600, 22473, 971, 20939, 20429, 17358, 30671, 25040, 22993, 31698, 7124, 25559, 11736, 7643, 18396, 7136, 2531, 6117, 23525, 29158, 19432, 11242, 2027, 17898, 23532, 25578, 29679, 18417, 16370, 25075, 13301, 2038, 15355, 11260]}