{"orig_base_logit": [14.839232444763184, 17.218393325805664, 16.881179809570312, 18.88735580444336, 14.701495170593262, 17.4421443939209, 17.612337112426758, 12.16097354888916, 11.152671813964844, 13.99181079864502, 9.933326721191406, 10.746896743774414, 12.10119915008545, 15.886809349060059, 10.496708869934082, 16.573078155517578, 10.53812026977539, 11.716178894042969, 13.06276798248291, 15.84496021270752, 15.789247512817383, 18.066492080688477, 14.519329071044922, 10.336282730102539, 12.048942565917969, 12.46016788482666, 13.66653823852539, 14.935897827148438, 12.87247371673584, 14.440818786621094, 15.224474906921387, 15.638548851013184, 14.191036224365234, 14.954151153564453, 17.403362274169922, 17.673744201660156, 17.18585777282715, 20.321544647216797, 18.250755310058594, 10.145310401916504, 14.861715316772461, 15.228140830993652, 16.64775276184082, 15.686264991760254, 17.89686393737793, 18.275503158569336, 16.907217025756836, 17.709102630615234, 11.566413879394531], "orig_chat_logit": [21.71541404724121, 18.14940071105957, 23.197572708129883, 24.52715301513672, 21.780540466308594, 20.656436920166016, 21.89175796508789, 23.743507385253906, 21.213115692138672, 24.069671630859375, 23.654037475585938, 22.500085830688477, 23.274925231933594, 22.743499755859375, 24.63627815246582, 24.711380004882812, 23.83639907836914, 20.769962310791016, 21.05998992919922, 23.437694549560547, 27.557640075683594, 22.3906192779541, 24.814884185791016, 27.57187271118164, 22.565982818603516, 23.473176956176758, 23.240711212158203, 21.997743606567383, 24.459794998168945, 24.365829467773438, 22.85163688659668, 26.33003044128418, 22.90467643737793, 22.076601028442383, 19.258747100830078, 23.869474411010742, 21.50455093383789, 22.212488174438477, 21.60576820373535, 23.603870391845703, 22.017894744873047, 24.492141723632812, 22.54677963256836, 23.125017166137695, 24.009172439575195, 24.013500213623047, 24.812255859375, 25.37064552307129, 25.31923484802246], "new_base_logit": [14.351836204528809, 17.49652099609375, 17.973501205444336, 18.851032257080078, 14.190535545349121, 16.935348510742188, 17.23534393310547, 11.522010803222656, 10.62205696105957, 13.65113639831543, 8.991890907287598, 12.72641658782959, 13.05522632598877, 16.355369567871094, 11.966976165771484, 14.32934284210205, 12.09762954711914, 10.759198188781738, 14.524087905883789, 15.957002639770508, 16.90159034729004, 18.586101531982422, 15.600249290466309, 11.73328685760498, 13.288171768188477, 12.084212303161621, 16.00438690185547, 16.508441925048828, 14.028349876403809, 15.275946617126465, 15.71590805053711, 15.61340045928955, 14.283171653747559, 16.580032348632812, 18.113859176635742, 18.78133201599121, 16.025814056396484, 20.60291290283203, 18.194265365600586, 11.946062088012695, 14.08050537109375, 16.141647338867188, 16.85575294494629, 16.005367279052734, 17.43654441833496, 17.867919921875, 16.44955062866211, 17.405956268310547, 11.63912296295166], "new_chat_logit": [21.301471710205078, 19.777315139770508, 22.954923629760742, 23.530792236328125, 20.958354949951172, 19.783540725708008, 20.262680053710938, 23.45504379272461, 21.669126510620117, 23.688671112060547, 22.812822341918945, 22.625041961669922, 22.450284957885742, 25.111249923706055, 24.6699161529541, 24.3716983795166, 26.227067947387695, 21.70951271057129, 22.47951316833496, 24.035139083862305, 25.565153121948242, 22.310928344726562, 23.81684112548828, 28.741695404052734, 19.881126403808594, 22.369972229003906, 22.90531349182129, 20.967260360717773, 24.491716384887695, 23.565303802490234, 21.886810302734375, 26.197458267211914, 22.415233612060547, 22.18645668029785, 20.958961486816406, 23.413700103759766, 20.986787796020508, 22.00678825378418, 20.81879425048828, 23.018413543701172, 20.38398551940918, 22.974964141845703, 20.2276611328125, 23.451961517333984, 22.860963821411133, 22.156232833862305, 24.121625900268555, 23.552467346191406, 24.01413345336914], "ablate_features": [4383, 22566, 27082, 7242, 21200, 3255, 2936, 18083, 10115, 29807, 2975, 14363, 18740, 24326, 26219, 1996, 16301, 9043, 6272, 27737, 24645, 21400, 23485, 17588, 26120, 3429, 27056, 13517, 4296, 16712, 20869, 8888, 31952, 14562, 21376, 16723, 28650, 32093, 32760, 24841, 17657]}