{"orig_base_logit": [18.943933486938477, 20.104198455810547, 14.825201034545898, 18.95649528503418, 18.542037963867188, 19.715871810913086, 17.211124420166016, 23.985212326049805, 17.832944869995117, 20.411972045898438, 19.57769203186035, 20.943206787109375, 18.895959854125977, 17.61649513244629, 19.92829132080078, 20.15991973876953, 20.66766357421875, 18.737201690673828, 19.533151626586914, 26.018718719482422, 25.68118667602539, 17.992368698120117, 21.566774368286133, 20.564775466918945, 19.648584365844727, 20.159029006958008, 19.4318790435791, 16.528474807739258, 14.516783714294434, 19.1700382232666, 20.094377517700195, 20.4438419342041, 18.638776779174805, 17.79623031616211, 19.732608795166016, 20.0494441986084, 14.270625114440918, 15.680442810058594, 17.837987899780273, 10.961769104003906, 16.589698791503906, 17.368900299072266, 15.589518547058105, 16.65761947631836, 18.84642219543457, 20.6536865234375, 20.408260345458984, 19.13027000427246, 20.62478256225586, 20.892444610595703], "orig_chat_logit": [27.02318572998047, 27.9251651763916, 22.714601516723633, 25.122238159179688, 24.598888397216797, 26.207578659057617, 24.87692642211914, 26.639949798583984, 25.785747528076172, 28.297012329101562, 25.58160400390625, 27.85167121887207, 26.307861328125, 23.857715606689453, 27.629974365234375, 28.410470962524414, 29.770610809326172, 24.07929801940918, 29.74797821044922, 31.895320892333984, 29.298358917236328, 22.17138671875, 31.460344314575195, 28.875675201416016, 22.555953979492188, 21.289648056030273, 22.9162540435791, 23.41248321533203, 23.2512149810791, 28.166954040527344, 26.74924659729004, 29.958511352539062, 24.01354217529297, 24.846960067749023, 28.586118698120117, 31.0256404876709, 25.60956573486328, 25.483280181884766, 23.183576583862305, 20.956388473510742, 28.9929256439209, 23.52660369873047, 27.150972366333008, 25.88618278503418, 26.922155380249023, 26.683353424072266, 31.63628578186035, 27.995784759521484, 26.007369995117188, 31.074201583862305], "new_base_logit": [19.435108184814453, 18.218353271484375, 15.571362495422363, 19.43370819091797, 19.163440704345703, 19.371185302734375, 17.70494270324707, 21.696834564208984, 19.1104736328125, 18.373714447021484, 19.40425682067871, 20.69097328186035, 19.18136978149414, 18.65797233581543, 19.977827072143555, 19.66338539123535, 19.371109008789062, 17.62581443786621, 15.996064186096191, 24.16535186767578, 24.87350082397461, 18.55072021484375, 20.464935302734375, 18.066606521606445, 18.6419677734375, 20.427814483642578, 19.978649139404297, 15.18803596496582, 15.757535934448242, 18.334627151489258, 19.745412826538086, 19.831117630004883, 18.579631805419922, 16.796619415283203, 19.834272384643555, 19.98240852355957, 15.07593822479248, 16.496850967407227, 17.85589027404785, 11.71799373626709, 17.070995330810547, 17.767635345458984, 18.304121017456055, 16.076953887939453, 19.058719635009766, 20.524808883666992, 20.189943313598633, 18.765226364135742, 19.575197219848633, 20.320085525512695], "new_chat_logit": [27.567052841186523, 26.996967315673828, 22.91407012939453, 26.043888092041016, 24.149913787841797, 25.17730140686035, 24.338146209716797, 25.512592315673828, 25.569643020629883, 25.57306671142578, 24.454736709594727, 25.437692642211914, 26.07335090637207, 23.773962020874023, 26.355253219604492, 26.345426559448242, 27.566152572631836, 22.973663330078125, 22.02892303466797, 26.296993255615234, 24.785545349121094, 20.370698928833008, 29.016748428344727, 24.681705474853516, 22.588167190551758, 21.82630729675293, 23.501361846923828, 21.281160354614258, 23.315439224243164, 26.0916748046875, 24.819534301757812, 25.010560989379883, 20.892642974853516, 23.82189178466797, 25.005373001098633, 30.04649543762207, 25.166765213012695, 24.183130264282227, 24.062143325805664, 20.569355010986328, 25.82743263244629, 23.314533233642578, 25.203166961669922, 23.69705581665039, 23.58676528930664, 23.418302536010742, 25.15165138244629, 22.690471649169922, 23.1533260345459, 26.07419204711914], "ablate_features": [4383, 22566, 27082, 7242, 21200, 3255, 2936, 18083, 10115, 29807, 2975, 14363, 18740, 24326, 26219, 1996, 16301, 9043, 6272, 27737, 24645, 21400, 23485, 17588, 26120, 3429, 27056, 13517, 4296, 16712, 20869, 8888, 31952, 14562, 21376, 16723, 28650, 32093, 32760, 24841, 17657, 1458, 9747, 763, 13063, 5555, 19890, 4123, 3516, 24525, 3815, 28649, 21485, 4852, 31160, 12643, 27946, 19518, 31562, 10381, 17122, 28819, 22383, 6822, 6737, 26687, 32377, 29908, 5941, 4677, 15178, 15976, 26676, 22232, 615, 11711, 24378, 23595, 6727, 7621, 11411, 17221, 28093, 5324, 16776, 23594, 8802, 29870, 8004, 30347, 8496, 24698, 1748, 16755]}