{"orig_base_logit": [12.162874221801758, 15.682140350341797, 15.854866027832031, 17.9832820892334, 10.934438705444336, 11.591535568237305, 13.471176147460938, 15.772563934326172, 15.4811429977417, 14.067501068115234, 19.263084411621094, 10.139144897460938, 16.920217514038086, 14.858685493469238, 15.13072395324707, 13.687793731689453, 12.188072204589844, 16.89772605895996, 14.377066612243652, 9.259817123413086, 12.362805366516113, 17.503456115722656, 17.258708953857422, 14.821057319641113, 7.695492267608643, 10.996997833251953, 16.249300003051758, 16.059545516967773, 12.949348449707031, 13.912792205810547, 12.401863098144531, 15.818267822265625, 15.354620933532715, 10.776132583618164, 13.291412353515625, 15.808940887451172, 16.876731872558594, 13.780526161193848, 13.719426155090332, 14.359992980957031, 14.9042329788208, 15.04545783996582, 12.638250350952148, 13.961567878723145, 11.664843559265137, 16.444377899169922, 9.32017993927002, 16.21417236328125, 16.795251846313477, 14.984905242919922], "orig_chat_logit": [22.580284118652344, 21.125850677490234, 21.57936668395996, 23.757171630859375, 19.868642807006836, 22.864843368530273, 23.169721603393555, 22.79471206665039, 28.062171936035156, 21.716007232666016, 22.758163452148438, 21.330677032470703, 21.59440040588379, 23.446075439453125, 23.403671264648438, 22.038942337036133, 21.494382858276367, 23.672792434692383, 26.740476608276367, 21.84669303894043, 24.116649627685547, 25.832304000854492, 25.248056411743164, 22.42959213256836, 15.79662799835205, 19.761770248413086, 22.494529724121094, 24.43463134765625, 26.940879821777344, 22.58718490600586, 22.889511108398438, 24.11040496826172, 26.89990997314453, 25.094097137451172, 22.778963088989258, 29.126192092895508, 26.008676528930664, 22.605445861816406, 22.4032039642334, 22.9127197265625, 22.411542892456055, 21.657115936279297, 23.0237979888916, 25.117176055908203, 24.54551124572754, 25.57662582397461, 22.504011154174805, 26.338396072387695, 27.317737579345703, 27.70315170288086], "new_base_logit": [11.786571502685547, 14.557361602783203, 14.505461692810059, 18.08371925354004, 11.615248680114746, 11.81967544555664, 12.019133567810059, 16.21715545654297, 14.165999412536621, 13.536300659179688, 18.508922576904297, 10.251494407653809, 15.594697952270508, 14.747868537902832, 13.338078498840332, 11.761211395263672, 13.344229698181152, 17.114959716796875, 13.671188354492188, 11.774679183959961, 12.216229438781738, 16.619380950927734, 16.82360076904297, 16.568876266479492, 9.17301082611084, 12.446929931640625, 13.508153915405273, 15.443120956420898, 13.991813659667969, 14.022396087646484, 11.184041976928711, 15.962752342224121, 16.305301666259766, 11.609158515930176, 12.639726638793945, 15.592326164245605, 16.91741180419922, 11.696736335754395, 14.895196914672852, 14.853882789611816, 15.449581146240234, 12.341965675354004, 13.170069694519043, 12.592217445373535, 11.539138793945312, 15.811092376708984, 10.20257568359375, 16.247365951538086, 16.069467544555664, 14.247855186462402], "new_chat_logit": [21.72637939453125, 21.02972984313965, 20.16227149963379, 23.63851547241211, 20.037761688232422, 23.316503524780273, 21.373437881469727, 22.451093673706055, 23.34980583190918, 22.726966857910156, 21.88644790649414, 21.44000244140625, 21.044754028320312, 22.386058807373047, 23.211156845092773, 20.70915985107422, 22.038681030273438, 23.01523208618164, 22.387645721435547, 20.972490310668945, 21.67011260986328, 20.58816909790039, 20.862546920776367, 20.965587615966797, 17.76639747619629, 18.968456268310547, 22.544649124145508, 21.384857177734375, 19.718124389648438, 18.370851516723633, 22.81657600402832, 20.33111572265625, 21.861568450927734, 22.91993522644043, 21.55445671081543, 21.594865798950195, 21.30682373046875, 16.15686798095703, 19.508514404296875, 17.006383895874023, 18.461027145385742, 22.423675537109375, 18.994176864624023, 20.859081268310547, 23.515331268310547, 22.289087295532227, 18.62115478515625, 21.97607421875, 20.39962387084961, 19.44693946838379], "ablate_features": [4383, 22566, 27082, 7242, 21200, 3255, 2936, 18083, 10115, 29807, 2975, 14363, 18740, 24326, 26219, 1996, 16301, 9043, 6272, 27737, 24645, 21400, 23485, 17588, 26120, 3429, 27056, 13517, 4296, 16712, 20869, 8888, 31952, 14562, 21376, 16723, 28650, 32093, 32760, 24841, 17657, 1458, 9747, 763, 13063, 5555, 19890, 4123, 3516, 24525, 3815]}