{"orig_base_logit": [14.839232444763184, 17.218393325805664, 16.881179809570312, 18.88735580444336, 14.701495170593262, 17.4421443939209, 17.612337112426758, 12.16097354888916, 11.152671813964844, 13.99181079864502, 9.933326721191406, 10.746896743774414, 12.10119915008545, 15.886809349060059, 10.496708869934082, 16.573078155517578, 10.53812026977539, 11.716178894042969, 13.06276798248291, 15.84496021270752, 15.789247512817383, 18.066492080688477, 14.519329071044922, 10.336282730102539, 12.048942565917969, 12.46016788482666, 13.66653823852539, 14.935897827148438, 12.87247371673584, 14.440818786621094, 15.224474906921387, 15.638548851013184, 14.191036224365234, 14.954151153564453, 17.403362274169922, 17.673744201660156, 17.18585777282715, 20.321544647216797, 18.250755310058594, 10.145310401916504, 14.861715316772461, 15.228140830993652, 16.64775276184082, 15.686264991760254, 17.89686393737793, 18.275503158569336, 16.907217025756836, 17.709102630615234, 11.566413879394531], "orig_chat_logit": [21.71541404724121, 18.14940071105957, 23.197572708129883, 24.52715301513672, 21.780540466308594, 20.656436920166016, 21.89175796508789, 23.743507385253906, 21.213115692138672, 24.069671630859375, 23.654037475585938, 22.500085830688477, 23.274925231933594, 22.743499755859375, 24.63627815246582, 24.711380004882812, 23.83639907836914, 20.769962310791016, 21.05998992919922, 23.437694549560547, 27.557640075683594, 22.3906192779541, 24.814884185791016, 27.57187271118164, 22.565982818603516, 23.473176956176758, 23.240711212158203, 21.997743606567383, 24.459794998168945, 24.365829467773438, 22.85163688659668, 26.33003044128418, 22.90467643737793, 22.076601028442383, 19.258747100830078, 23.869474411010742, 21.50455093383789, 22.212488174438477, 21.60576820373535, 23.603870391845703, 22.017894744873047, 24.492141723632812, 22.54677963256836, 23.125017166137695, 24.009172439575195, 24.013500213623047, 24.812255859375, 25.37064552307129, 25.31923484802246], "new_base_logit": [14.30166244506836, 17.376171112060547, 17.797239303588867, 18.716455459594727, 13.965373039245605, 16.788028717041016, 17.204349517822266, 11.377777099609375, 10.54517936706543, 13.645357131958008, 8.933137893676758, 12.669535636901855, 13.040428161621094, 16.254871368408203, 11.989209175109863, 14.48530101776123, 12.144241333007812, 10.686807632446289, 14.622767448425293, 15.803935050964355, 16.854276657104492, 18.422407150268555, 15.623907089233398, 11.908828735351562, 13.402256965637207, 12.061247825622559, 15.719029426574707, 16.747453689575195, 14.108933448791504, 15.20214557647705, 15.614375114440918, 15.454875946044922, 14.26504898071289, 16.565603256225586, 18.09707260131836, 18.68963623046875, 15.771937370300293, 20.466737747192383, 18.049375534057617, 12.24871826171875, 14.001968383789062, 16.089488983154297, 16.792375564575195, 15.911199569702148, 17.34009552001953, 17.775653839111328, 16.12721061706543, 17.276395797729492, 11.718330383300781], "new_chat_logit": [21.31509017944336, 19.756275177001953, 22.5860538482666, 23.32022476196289, 21.015291213989258, 19.761383056640625, 20.120800018310547, 23.452430725097656, 21.73920249938965, 23.720943450927734, 22.619577407836914, 22.543621063232422, 22.56233787536621, 24.835514068603516, 24.73593521118164, 24.38140296936035, 26.059499740600586, 21.822181701660156, 22.510713577270508, 23.902963638305664, 25.362548828125, 22.115467071533203, 23.58363914489746, 28.753942489624023, 19.827648162841797, 22.558916091918945, 22.746932983398438, 21.128522872924805, 24.035402297973633, 22.94159507751465, 21.38369369506836, 26.10189437866211, 22.25951385498047, 22.17119598388672, 21.238611221313477, 23.11573600769043, 20.92812728881836, 21.588409423828125, 20.825454711914062, 22.757171630859375, 20.192861557006836, 23.025083541870117, 19.99880027770996, 23.11785125732422, 22.673860549926758, 22.35851287841797, 23.881994247436523, 23.35334014892578, 23.638652801513672], "ablate_features": [4383, 22566, 27082, 7242, 21200, 3255, 2936, 18083, 10115, 29807, 2975, 14363, 18740, 24326, 26219, 1996, 16301, 9043, 6272, 27737, 24645, 21400, 23485, 17588, 26120, 3429, 27056, 13517, 4296, 16712, 20869, 8888, 31952, 14562, 21376, 16723, 28650, 32093, 32760, 24841, 17657, 1458, 9747, 763, 13063, 5555, 19890, 4123, 3516, 24525, 3815, 28649, 21485, 4852, 31160, 12643, 27946, 19518, 31562, 10381, 17122, 28819, 22383, 6822, 6737, 26687, 32377, 29908, 5941, 4677, 15178, 15976, 26676, 22232, 615, 11711, 24378, 23595, 6727, 7621, 11411, 17221, 28093, 5324, 16776, 23594, 8802, 29870, 8004, 30347, 8496, 24698, 1748, 16755, 7276, 22524, 20530, 27768, 15555, 549, 14839, 2188, 21104, 5101, 31936, 29515, 17006, 2022, 27088, 16945, 7654, 28741, 14376, 1966, 31316, 10023, 17120, 26241, 11200, 17708, 14599, 10911, 14349, 20451, 23368, 14039, 3018, 7553, 28053, 2661, 8126, 5880, 5781, 28117, 13116, 18186, 18172, 12531, 30762, 28785, 19276, 20483, 842, 19796, 13133, 8238, 21568, 14966, 7633, 2357, 6368, 22255, 6330, 27383, 15419, 3196, 14985, 23397, 18032, 5385, 8624, 22109, 6757, 14424, 6325, 4503, 30813, 5545, 16043, 15727, 21773, 32611, 30621, 20596, 23538, 12946, 20441, 3699, 11716, 31771, 19196, 29153, 5734, 4173, 29833, 16279, 27485, 8836, 1024, 2223, 746, 18548, 10428, 25072, 8127, 12168, 11269, 21709, 13716, 410, 24548, 21767, 31783, 2824, 17739, 15000, 25892, 19737, 2823, 12702, 30969, 1136, 31737, 10860, 19533, 32378, 29015, 6833, 30962, 3224, 12721, 25394, 27147, 7762, 3857, 11833, 9526, 1507, 2152, 10970, 4680, 20262, 21762, 3832, 13952, 32521, 2160, 31748, 5936, 18244, 11992, 32383, 25731, 2928, 31039, 28427, 30745, 23060, 23938, 16466, 16039, 14344, 15071, 17367, 5295, 18568, 26541, 14946, 923, 1000, 24377, 12507, 590, 620, 21694, 24608, 20248, 12055, 7753, 23127, 24603, 32018, 29608, 11267, 12719, 14880, 19296, 13717, 14360, 14301, 10316, 1994, 17177, 18300, 6533, 18802, 8649, 20488, 21509, 13926, 23408, 23478, 4780, 18990, 26553, 17673, 10552, 24748, 26670, 29647, 14340, 22738, 14573, 18804, 21156, 29511, 1365, 29469, 19756, 19152, 13989, 26170, 22093, 5750, 26861, 4726, 21861, 20894, 28773, 7090, 10223, 27387, 31239, 2196, 7123, 24675, 28386, 24312, 4239, 16552, 24291, 32369, 30404, 6398, 20666, 16502, 17627, 1601, 21516, 30843, 13587, 27159, 28192, 13483, 28255, 26818, 23329, 9924, 13948, 20329, 1415, 6830, 8621, 9249, 19841, 27233, 26388, 2873, 8168, 3060, 23031, 11395, 21819, 20751, 28680, 9403, 15607, 24399, 31189, 32692, 14395, 26506, 2427, 6099, 8512, 3114, 11667, 13209, 19186, 20980, 9208, 12122, 28531, 1672, 7128, 8212, 8823, 5794, 17592, 22006, 5834, 3131, 29216, 17969, 8635, 14972, 13215, 31509, 1638, 292, 14984, 13522, 8219, 4610, 27921, 21750, 23700, 18877, 3161, 9050, 19484, 26498, 25526, 27011, 11897, 30135, 4177, 25053, 3069, 19759, 5897, 25827, 10587, 5367, 30184, 7234, 9517, 3319, 14264, 19961, 5516, 4540, 20464, 16959, 2394, 5818, 14563, 11813, 2094, 4430, 7685, 3924, 366, 3836, 31265, 23706, 14879, 28397, 28225, 16889, 8688, 21916, 17363, 13954, 12136, 22246, 11788, 28801, 28466, 9835, 3025, 26888, 26627, 15911, 11154, 5952, 13108, 29745, 20128, 28998, 29032, 24131, 8565, 20396, 14144, 20309, 26086, 4295, 4495, 24810, 13839, 14275, 15299, 26174, 30468, 10957, 5219, 26044, 1628, 10075, 18536, 14753, 25161, 25065, 30574, 19523, 22775, 18693, 1976, 28864, 22455, 9815, 6921, 18629, 1061, 31878, 23731, 15194, 10425, 6312, 16794, 31390, 6226, 2846, 6478, 1311, 15342, 17869, 25445, 13182, 30996, 13674, 28407, 19735, 24386, 2161, 9358, 26386, 5814, 3825, 12584, 16820, 6712, 9411, 6012, 14803, 29618, 21848, 12692, 18884, 4989, 14887, 11218, 2071, 18947, 17240, 13421, 1982, 4717, 13060, 29530, 23564, 4997, 30583, 656, 11648, 5001, 29825, 5429, 20023, 2926, 25425, 26588, 25873, 13884, 11820, 26216, 26449, 30668, 21898, 29776, 15987, 21914, 3353, 22238, 10506, 336, 10389, 23237, 10761, 6382, 11772, 6651, 18628, 19988, 15430, 16648, 30260, 27679, 28472, 28736, 29155, 5235, 22862, 10281, 1678, 17815, 30576, 32271, 11810, 9013, 15775, 3308, 12262, 24355, 11960, 13327,