{"orig_base_logit": [18.943933486938477, 20.104198455810547, 14.825201034545898, 18.95649528503418, 18.542037963867188, 19.715871810913086, 17.211124420166016, 23.985212326049805, 17.832944869995117, 20.411972045898438, 19.57769203186035, 20.943206787109375, 18.895959854125977, 17.61649513244629, 19.92829132080078, 20.15991973876953, 20.66766357421875, 18.737201690673828, 19.533151626586914, 26.018718719482422, 25.68118667602539, 17.992368698120117, 21.566774368286133, 20.564775466918945, 19.648584365844727, 20.159029006958008, 19.4318790435791, 16.528474807739258, 14.516783714294434, 19.1700382232666, 20.094377517700195, 20.4438419342041, 18.638776779174805, 17.79623031616211, 19.732608795166016, 20.0494441986084, 14.270625114440918, 15.680442810058594, 17.837987899780273, 10.961769104003906, 16.589698791503906, 17.368900299072266, 15.589518547058105, 16.65761947631836, 18.84642219543457, 20.6536865234375, 20.408260345458984, 19.13027000427246, 20.62478256225586, 20.892444610595703], "orig_chat_logit": [27.02318572998047, 27.9251651763916, 22.714601516723633, 25.122238159179688, 24.598888397216797, 26.207578659057617, 24.87692642211914, 26.639949798583984, 25.785747528076172, 28.297012329101562, 25.58160400390625, 27.85167121887207, 26.307861328125, 23.857715606689453, 27.629974365234375, 28.410470962524414, 29.770610809326172, 24.07929801940918, 29.74797821044922, 31.895320892333984, 29.298358917236328, 22.17138671875, 31.460344314575195, 28.875675201416016, 22.555953979492188, 21.289648056030273, 22.9162540435791, 23.41248321533203, 23.2512149810791, 28.166954040527344, 26.74924659729004, 29.958511352539062, 24.01354217529297, 24.846960067749023, 28.586118698120117, 31.0256404876709, 25.60956573486328, 25.483280181884766, 23.183576583862305, 20.956388473510742, 28.9929256439209, 23.52660369873047, 27.150972366333008, 25.88618278503418, 26.922155380249023, 26.683353424072266, 31.63628578186035, 27.995784759521484, 26.007369995117188, 31.074201583862305], "new_base_logit": [19.113964080810547, 18.119115829467773, 15.266524314880371, 18.108722686767578, 17.831727981567383, 18.28392219543457, 17.146738052368164, 21.199100494384766, 17.500858306884766, 17.86077117919922, 18.18562889099121, 20.1987247467041, 18.565153121948242, 18.386016845703125, 20.249845504760742, 19.32404899597168, 18.436241149902344, 17.005855560302734, 16.030973434448242, 23.0609073638916, 24.40175437927246, 15.486946105957031, 19.403486251831055, 17.55742073059082, 18.814428329467773, 20.198699951171875, 18.745773315429688, 15.131477355957031, 13.845044136047363, 17.4305477142334, 19.205162048339844, 18.58135986328125, 17.43603515625, 16.5888729095459, 18.90726661682129, 20.080629348754883, 14.784523963928223, 15.633554458618164, 17.342973709106445, 11.425355911254883, 17.238183975219727, 16.499107360839844, 16.132801055908203, 15.927022933959961, 18.039512634277344, 19.907794952392578, 19.229759216308594, 18.16891860961914, 19.044958114624023, 19.598173141479492], "new_chat_logit": [27.164812088012695, 25.497758865356445, 20.958927154541016, 24.95533561706543, 20.78568458557129, 24.121578216552734, 22.56178092956543, 23.66958999633789, 23.087461471557617, 25.574384689331055, 23.563608169555664, 24.440935134887695, 24.019519805908203, 21.787416458129883, 25.49631118774414, 23.651304244995117, 25.66948127746582, 23.03876304626465, 21.756160736083984, 22.537384033203125, 20.194124221801758, 16.32401466369629, 26.414840698242188, 24.004093170166016, 22.576257705688477, 22.090713500976562, 22.027698516845703, 22.196691513061523, 22.682907104492188, 24.463102340698242, 22.552797317504883, 22.85808753967285, 20.10409927368164, 23.601959228515625, 23.15599822998047, 26.216285705566406, 23.97104835510254, 22.552989959716797, 23.80278968811035, 21.15484619140625, 24.359230041503906, 22.649011611938477, 22.72931480407715, 23.405725479125977, 22.02515983581543, 22.445905685424805, 22.456552505493164, 20.868534088134766, 22.056110382080078, 25.389198303222656], "ablate_features": [12292, 16390, 14347, 24592, 12305, 14360, 16408, 24600, 12317, 26656, 28705, 38, 4135, 20524, 24621, 4143, 4144, 22577, 18486, 18497, 14404, 4166, 8265, 20557, 24659, 16468, 30805, 88, 28762, 4187, 6236, 93, 30815, 16481, 99, 16483, 28775, 6252, 4205, 10350, 12399, 4209, 114, 115, 6264, 8314, 8322, 14469, 6278, 6279, 18567, 20620, 22670, 4242, 4246, 20630, 10393, 20633, 14493, 30877, 14498, 20642, 30888, 26795, 22703, 24754, 14519, 18619, 22717, 14526, 28863, 30912, 18630, 24776, 12491, 2253, 28881, 16598, 30939, 6364, 24799, 22755, 30948, 24806, 22765, 20719, 14582, 10490, 4349, 28928, 16648, 24848, 10517, 2328, 14624, 18722, 31013, 6438, 10534, 2344, 10535, 4394, 28968, 24876, 6446, 12591, 18737, 6462, 4415, 12606, 323, 28995, 8517, 328, 18761, 6481, 8530, 10577, 24913, 2389, 14678, 16727, 6488, 24915, 24924, 6496, 8546, 26979, 12646, 8551, 16745, 29034, 31083, 12652, 4461, 31088, 31090, 372, 373, 2424, 16761, 29053, 12670, 2431, 14722, 10627, 18819, 31106, 398, 29070, 24978, 27026, 8599, 409, 2473, 4522, 18858, 8621, 31151, 27057, 10677, 10684, 20924, 18878, 31165, 14786, 31171, 20939, 20944, 22993, 25040, 22995, 2531, 29155, 2535, 10728, 8686, 497, 12786, 25075, 6644, 12789, 2558, 4607, 27138, 2568, 27144, 16907, 18960, 18961, 31251, 25114, 31259, 2592, 16931, 25123, 14890, 4651, 25140, 2616, 571, 23111, 12880, 25169, 21077, 27228, 23134, 8800, 10848, 613, 618, 8811, 25202, 6773, 17015, 29303, 2686, 19070, 21123, 12932, 2698, 14987, 29322, 31374, 21139, 23192, 15005, 673, 17057, 6826, 15019, 25258, 25259, 15024, 19123, 27316, 702, 6851, 29379, 21191, 17100, 17105, 27349, 2776, 729, 25305, 8923, 6876, 8924, 10972, 21218, 23269, 17128, 2793, 6889, 23273, 2800, 6896, 21236, 23285, 6905, 4861, 27391, 6913, 6922, 782, 8978, 794, 29470, 21287, 27433, 19245, 6958, 11060, 31541, 29495, 25401, 13114, 4924, 31549, 4929, 25413, 23368, 27469, 11086, 2898, 9042, 29525, 9049, 29539, 11109, 17255, 27497, 17260, 9071, 15218, 15219, 13172, 25463, 27513, 31613, 31614, 27521, 31619, 23434, 25482, 29582, 17298, 15252, 21401, 2977, 13219, 2980, 29608, 23465, 15282, 25522, 11193, 29628, 5055, 7109, 7124, 31700, 7131, 31709, 3039, 7136, 3041, 11235, 21477, 19432, 5097, 15341, 23535, 19440, 13301, 29686, 11255, 19448, 15355, 11260, 13313, 1027, 19462, 25612, 11279, 21523, 9236, 21527, 17442, 1059, 13347, 17444, 9254, 25635, 31785, 1066, 19499, 27694, 11315, 13368, 21562, 31803, 17468, 27709, 1088, 13378, 13379, 15427, 29765, 17479, 29768, 1097, 5195, 23628, 13391, 27728, 25682, 31831, 9305, 31834, 25691, 23645, 1121, 9314, 23649, 29794, 9317, 15462, 3183, 27763, 11380, 31859, 31864, 5246, 13441, 19586, 7300, 13445, 11399, 9352, 5258, 11404, 21645, 9364, 19610, 13481, 27818, 5291, 25780, 19637, 31934, 13506, 15556, 1226, 1227, 1235, 1236, 21716, 9430, 31962, 17631, 5345, 15587, 25828, 17643, 7412, 21753, 5375, 17664, 25855, 13571, 19718, 21772, 23822, 3343, 9490, 29976, 7449, 32026, 15655, 21801, 15660, 21807, 23856, 21809, 15669, 21813, 11584, 30016, 32064, 1352, 23881, 7505, 21847, 27992, 13661, 7519, 5472, 7520, 13677, 23917, 21872, 7537, 28017, 1396, 30069, 1398, 7543, 7544, 17785, 9594, 19835, 25979, 30072, 21888, 3458, 11650, 13699, 5509, 9609, 30091, 9612, 13713, 1427, 5528, 19873, 30127, 13751, 13755, 1469, 21949, 21953, 28106, 17870, 28115, 9686, 5597, 26078, 11746, 11751, 17898, 1520, 9713, 1522, 15862, 22012, 9728, 17922, 9732, 17925, 19975, 7688, 11784, 3600, 32272, 11797, 13845, 30230, 3611, 7712, 22056, 3633, 17971, 5685, 32310, 20036, 28229, 32329, 28245, 24151, 24160, 24165, 15980, 32368, 7797, 1656, 22141, 24189, 13953, 24194, 7811, 30341, 18056, 30351, 11922, 28306, 16021, 28313, 22178, 24228, 9897, 16044, 5807, 24244, 9923, 1734, 28361, 7890, 26323, 11988, 5845, 26326, 9943, 26327, 24281, 7898, 16092, 28389, 16102, 30437, 12012, 9965, 28396, 3826, 16116, 14069, 5881, 7932, 3837, 7933, 26367, 16130, 7939, 24324, 12037, 20229, 18183, 26381, 26386, 7956, 12057, 3868, 16162, 7971, 24370, 14135, 16185, 30527, 32575, 