{"orig_base_logit": [16.800312042236328, 16.795869827270508, 16.79037094116211, 19.272043228149414, 16.23799705505371, 16.19864273071289, 18.104740142822266, 20.522281646728516, 20.20975685119629, 19.458812713623047, 19.981361389160156, 20.234254837036133, 19.180402755737305, 20.353227615356445, 17.814756393432617, 17.504730224609375, 17.73014259338379, 23.987173080444336, 16.39482879638672, 18.773176193237305, 14.817964553833008, 17.762338638305664, 15.390214920043945, 20.419254302978516, 17.978748321533203, 18.88665199279785, 16.81475257873535, 19.39276885986328, 18.51663589477539, 18.130111694335938, 17.737930297851562, 19.44612693786621, 16.566606521606445, 20.483064651489258, 21.81307029724121, 16.172409057617188, 17.912200927734375, 20.55400276184082, 17.30908203125, 17.686687469482422, 19.455812454223633, 19.492582321166992, 15.251895904541016, 18.581451416015625], "orig_chat_logit": [19.82876968383789, 21.321889877319336, 22.25288200378418, 23.40057945251465, 21.089996337890625, 21.366073608398438, 21.34224510192871, 23.953760147094727, 24.231048583984375, 24.345212936401367, 25.787261962890625, 25.392108917236328, 25.303308486938477, 24.35384178161621, 22.671504974365234, 21.595529556274414, 24.02031707763672, 27.510211944580078, 21.00690269470215, 21.7981014251709, 21.311420440673828, 25.889850616455078, 19.74566650390625, 19.037275314331055, 22.48388671875, 22.304689407348633, 18.759931564331055, 26.307035446166992, 27.204927444458008, 27.545818328857422, 27.190488815307617, 23.117610931396484, 22.745084762573242, 23.28047752380371, 23.241239547729492, 23.015676498413086, 25.29268455505371, 26.051137924194336, 21.809722900390625, 17.944110870361328, 22.636308670043945, 16.90188217163086, 23.108579635620117, 23.49765396118164], "new_base_logit": [14.81519889831543, 16.024173736572266, 16.000192642211914, 18.21159553527832, 16.21137046813965, 16.904415130615234, 18.144224166870117, 19.228363037109375, 20.00452423095703, 18.25963020324707, 19.049304962158203, 19.22220802307129, 19.387245178222656, 19.32748794555664, 18.443279266357422, 15.935857772827148, 15.926599502563477, 18.213733673095703, 15.820480346679688, 16.916412353515625, 15.0830659866333, 17.39395523071289, 15.653946876525879, 19.49358367919922, 16.556360244750977, 18.050613403320312, 15.779790878295898, 17.771926879882812, 18.925891876220703, 18.295324325561523, 17.237899780273438, 18.241809844970703, 15.366430282592773, 19.716039657592773, 20.49649429321289, 17.073196411132812, 16.929279327392578, 19.728038787841797, 14.919198036193848, 17.325563430786133, 17.801408767700195, 18.44633674621582, 15.176486015319824, 18.140851974487305], "new_chat_logit": [20.443490982055664, 18.538166046142578, 19.989437103271484, 20.845916748046875, 19.698841094970703, 20.443771362304688, 20.640989303588867, 22.518936157226562, 21.0828800201416, 23.332929611206055, 23.596025466918945, 20.203092575073242, 18.385547637939453, 19.25603675842285, 16.344165802001953, 17.69618797302246, 17.465024948120117, 3.2473785877227783, 15.616854667663574, 22.9539737701416, 21.06459617614746, 24.52653694152832, 21.24880027770996, 19.172954559326172, 19.508150100708008, 20.897327423095703, 17.141788482666016, 21.306249618530273, 22.278606414794922, 24.35076904296875, 18.102832794189453, 23.1905517578125, 22.83993148803711, 20.47771453857422, 22.69879722595215, 22.406129837036133, 20.34215545654297, 23.546003341674805, 17.414424896240234, 17.57308578491211, 21.7901668548584, 15.84329891204834, 23.668861389160156, 21.913375854492188], "ablate_features": [8197, 16390, 16394, 24592, 16406, 16408, 25, 24600, 24601, 8224, 36, 8228, 38, 24621, 16447, 8265, 24668, 16481, 99, 16483, 24678, 24683, 8301, 115, 8322, 16520, 24754, 24760, 24768, 16577, 24769, 8388, 8394, 24778, 16598, 219, 16607, 24799, 24806, 16618, 24813, 16625, 8434, 16648, 267, 16656, 24848, 24871, 16684, 16685, 303, 8501, 8505, 323, 16710, 328, 334, 338, 8530, 16723, 24915, 8534, 16727, 24924, 8546, 8551, 16745, 362, 364, 365, 24948, 16770, 16779, 398, 8599, 8600, 409, 419, 428, 25010, 8627, 442, 16828, 16836, 25040, 480, 8672, 25058, 25060, 8686, 497, 499, 25075, 504, 8699, 16893, 517, 522, 16906, 16907, 8729, 25113, 25114, 25116, 25119, 546, 16931, 25123, 8747, 8750, 561, 563, 8756, 25140, 25143, 25155, 25169, 25170, 8790, 8794, 8800, 16995, 613, 618, 8811, 8813, 25197, 8818, 25202, 25213, 25221, 25223, 25236, 662, 17057, 17058, 17059, 25259, 25264, 8888, 702, 8901, 17100, 8913, 17105, 729, 8924, 736, 17128, 745, 8943, 754, 761, 17146, 8978, 8980, 794, 800, 25377, 809, 25396, 17207, 25401, 25402, 831, 17223, 25423, 9042, 9049, 9052, 863, 9055, 865, 17255, 17258, 17260, 25462, 25463, 17273, 9086, 25482, 25487, 17298, 9115, 9123, 25509, 17320, 939, 17330, 25538, 9155, 971, 17358, 25558, 25559, 17376, 25571, 25578, 25587, 17397, 25592, 25595, 17404, 17410, 1029, 17420, 9236, 17440, 17442, 1059, 17444, 25635, 9266, 17462, 9274, 9286, 25670, 1097, 9289, 9298, 25691, 25693, 17505, 9314, 25700, 9317, 9321, 9322, 25705, 17516, 25708, 25731, 25735, 9352, 1169, 9364, 9386, 1221, 1226, 1227, 9423, 1235, 1236, 9430, 25828, 1270, 17662, 25855, 17664, 1285, 9482, 17678, 1295, 1308, 9506, 25895, 25896, 1320, 25898, 9519, 25919, 1352, 25934, 25947, 17756, 25954, 17766, 17774, 25967, 1396, 9594, 9603, 25989, 9609, 1427, 17815, 9628, 1462, 17851, 1469, 9671, 9675, 17867, 26062, 17871, 9686, 9687, 17882, 26078, 17898, 17902, 1520, 1522, 26101, 26110, 17922, 9732, 17925, 17953, 1570, 26149, 1587, 26163, 1608, 9820, 26204, 9825, 26215, 9840, 1651, 26231, 18056, 9869, 26254, 9887, 26278, 18102, 18104, 9923, 1734, 9933, 26323, 9943, 26327, 1763, 1787, 26367, 18181, 26374, 1799, 1803, 26381, 26386, 26391, 18211, 10030, 18224, 1848, 26429, 26437, 18249, 1867, 18252, 10070, 18265, 26460, 18275, 18279, 26472, 26478, 26488, 18297, 26493, 18306, 1935, 26514, 18333, 26526, 26538, 1972, 26554, 1979, 10176, 18371, 18379, 10188, 10192, 18396, 18398, 2020, 2026, 2027, 18417, 2038, 18430, 10261, 26648, 18461, 26656, 26670, 18481, 18486, 2104, 10299, 18492, 26688, 18497, 10315, 2130, 2143, 2153, 26745, 2176, 18567, 10382, 18581, 10392, 18598, 26795, 2228, 18621, 10432, 18630, 2253, 26851, 18664, 2291, 10486, 10490, 18691, 10506, 18704, 2323, 10517, 2328, 10534, 2343, 2344, 10535, 18735, 26928, 18737, 18740, 2360, 26936, 10559, 26944, 10577, 26965, 18775, 18779, 26975, 18791, 26995, 2424, 10620, 10621, 2433, 18818, 10627, 10628, 2440, 27018, 27026, 2451, 18858, 27057, 27064, 10684, 18878, 2503, 18892, 2512, 18901, 2531, 2535, 10728, 2556, 2558, 27138, 10755, 27144, 27149, 18960, 18974, 27168, 27175, 27176, 10799, 2616, 2619, 27195, 19010, 10821, 10824, 10825, 19017, 2637, 27228, 19046, 19054, 19057, 2686, 10878, 27291, 10908, 10911, 27299, 19109, 10926, 19123, 19124, 27341, 27349, 19158, 27351, 2776, 19161, 19162, 27354, 27364, 2800, 10993, 19186, 19195, 2814, 11007, 27391, 27402, 27404, 2837, 27418, 2843, 11039, 27432, 27433, 27437, 2864, 27444, 2872, 27450, 19266, 19275, 27469, 19292, 27487, 19299, 11109, 27497, 2928, 2945, 27521, 27525, 11146, 11150, 19352, 2977, 2980, 2984, 19384, 11193, 27576, 19394, 27601, 3027, 27609, 3036, 11229, 19422, 3039, 3041, 3043, 3045, 27622, 19432, 11242, 11245, 27631, 19440, 19447, 19448, 11260, 3073, 11268, 11279, 19477, 27678, 19496, 19499, 19502, 27694, 27700, 27702, 3139, 11333, 27728, 3183, 11376, 3191, 19585, 11396, 19590, 11399, 3213, 11405, 27791, 19603, 3226, 19610, 11426, 27814, 27818, 19627, 27826, 19637, 19652, 27868, 19677, 27869, 19680, 27875, 19693, 27886, 3317, 19710, 3332, 27917, 3343, 19730, 19740, 3357, 3377, 19763, 19774, 11584, 27968, 19780, 11611, 11613, 19813, 28017, 3444, 19829, 19830, 11639, 11642, 19835, 11650, 11656, 28040, 19873, 11691, 11693, 3502, 3505, 28083, 3512, 28090, 28095, 19906, 28106, 11736, 11746, 19940, 28133, 28136, 11756, 19969, 3588, 19975, 11790, 3600, 11801, 11822, 11826, 20021, 20036, 28229, 20038, 28245, 20054, 20058, 3681, 20089, 3707, 28284, 28293, 11914, 28302, 3730, 28313, 20124, 28318, 20127, 3747, 