{"orig_base_logit": [12.162874221801758, 15.682140350341797, 15.854866027832031, 17.9832820892334, 10.934438705444336, 11.591535568237305, 13.471176147460938, 15.772563934326172, 15.4811429977417, 14.067501068115234, 19.263084411621094, 10.139144897460938, 16.920217514038086, 14.858685493469238, 15.13072395324707, 13.687793731689453, 12.188072204589844, 16.89772605895996, 14.377066612243652, 9.259817123413086, 12.362805366516113, 17.503456115722656, 17.258708953857422, 14.821057319641113, 7.695492267608643, 10.996997833251953, 16.249300003051758, 16.059545516967773, 12.949348449707031, 13.912792205810547, 12.401863098144531, 15.818267822265625, 15.354620933532715, 10.776132583618164, 13.291412353515625, 15.808940887451172, 16.876731872558594, 13.780526161193848, 13.719426155090332, 14.359992980957031, 14.9042329788208, 15.04545783996582, 12.638250350952148, 13.961567878723145, 11.664843559265137, 16.444377899169922, 9.32017993927002, 16.21417236328125, 16.795251846313477, 14.984905242919922], "orig_chat_logit": [22.580284118652344, 21.125850677490234, 21.57936668395996, 23.757171630859375, 19.868642807006836, 22.864843368530273, 23.169721603393555, 22.79471206665039, 28.062171936035156, 21.716007232666016, 22.758163452148438, 21.330677032470703, 21.59440040588379, 23.446075439453125, 23.403671264648438, 22.038942337036133, 21.494382858276367, 23.672792434692383, 26.740476608276367, 21.84669303894043, 24.116649627685547, 25.832304000854492, 25.248056411743164, 22.42959213256836, 15.79662799835205, 19.761770248413086, 22.494529724121094, 24.43463134765625, 26.940879821777344, 22.58718490600586, 22.889511108398438, 24.11040496826172, 26.89990997314453, 25.094097137451172, 22.778963088989258, 29.126192092895508, 26.008676528930664, 22.605445861816406, 22.4032039642334, 22.9127197265625, 22.411542892456055, 21.657115936279297, 23.0237979888916, 25.117176055908203, 24.54551124572754, 25.57662582397461, 22.504011154174805, 26.338396072387695, 27.317737579345703, 27.70315170288086], "new_base_logit": [11.84179401397705, 15.235816955566406, 15.321028709411621, 16.884674072265625, 11.6031494140625, 11.401504516601562, 11.591147422790527, 14.761184692382812, 12.089752197265625, 12.376094818115234, 17.839595794677734, 10.645447731018066, 13.251850128173828, 14.349185943603516, 12.451210021972656, 12.213983535766602, 13.430156707763672, 15.857422828674316, 12.9141206741333, 11.398996353149414, 12.458492279052734, 16.682981491088867, 16.78692626953125, 15.202181816101074, 8.50320053100586, 12.831690788269043, 12.89525318145752, 14.47983169555664, 13.991203308105469, 13.675271987915039, 11.036233901977539, 15.7726469039917, 15.240445137023926, 10.954980850219727, 11.222715377807617, 15.12357234954834, 17.103492736816406, 10.616924285888672, 13.960816383361816, 14.665682792663574, 14.281600952148438, 11.257709503173828, 12.259021759033203, 10.875032424926758, 10.71713924407959, 14.93747615814209, 10.273314476013184, 15.794365882873535, 14.924556732177734, 13.956574440002441], "new_chat_logit": [23.10385513305664, 21.037214279174805, 20.490720748901367, 22.842418670654297, 18.88397216796875, 22.429208755493164, 21.134578704833984, 21.168010711669922, 20.90876579284668, 18.865171432495117, 21.70039176940918, 21.114839553833008, 19.984554290771484, 19.458755493164062, 22.598417282104492, 18.687135696411133, 23.229568481445312, 22.178586959838867, 17.46656036376953, 19.775859832763672, 21.025184631347656, 20.18927001953125, 19.348529815673828, 13.449926376342773, 15.93875503540039, 15.698556900024414, 20.279865264892578, 19.828615188598633, 18.75759506225586, 15.683903694152832, 21.953140258789062, 19.863895416259766, 20.14405632019043, 21.00975799560547, 19.445995330810547, 19.79806900024414, 20.3033447265625, 15.349509239196777, 18.392013549804688, 14.816460609436035, 18.04517364501953, 21.400054931640625, 16.0238037109375, 20.28082275390625, 21.914567947387695, 21.716299057006836, 16.09762954711914, 19.765380859375, 18.606868743896484, 17.94112777709961],