{"orig_base_logit": [12.162874221801758, 15.682140350341797, 15.854866027832031, 17.9832820892334, 10.934438705444336, 11.591535568237305, 13.471176147460938, 15.772563934326172, 15.4811429977417, 14.067501068115234, 19.263084411621094, 10.139144897460938, 16.920217514038086, 14.858685493469238, 15.13072395324707, 13.687793731689453, 12.188072204589844, 16.89772605895996, 14.377066612243652, 9.259817123413086, 12.362805366516113, 17.503456115722656, 17.258708953857422, 14.821057319641113, 7.695492267608643, 10.996997833251953, 16.249300003051758, 16.059545516967773, 12.949348449707031, 13.912792205810547, 12.401863098144531, 15.818267822265625, 15.354620933532715, 10.776132583618164, 13.291412353515625, 15.808940887451172, 16.876731872558594, 13.780526161193848, 13.719426155090332, 14.359992980957031, 14.9042329788208, 15.04545783996582, 12.638250350952148, 13.961567878723145, 11.664843559265137, 16.444377899169922, 9.32017993927002, 16.21417236328125, 16.795251846313477, 14.984905242919922], "orig_chat_logit": [22.580284118652344, 21.125850677490234, 21.57936668395996, 23.757171630859375, 19.868642807006836, 22.864843368530273, 23.169721603393555, 22.79471206665039, 28.062171936035156, 21.716007232666016, 22.758163452148438, 21.330677032470703, 21.59440040588379, 23.446075439453125, 23.403671264648438, 22.038942337036133, 21.494382858276367, 23.672792434692383, 26.740476608276367, 21.84669303894043, 24.116649627685547, 25.832304000854492, 25.248056411743164, 22.42959213256836, 15.79662799835205, 19.761770248413086, 22.494529724121094, 24.43463134765625, 26.940879821777344, 22.58718490600586, 22.889511108398438, 24.11040496826172, 26.89990997314453, 25.094097137451172, 22.778963088989258, 29.126192092895508, 26.008676528930664, 22.605445861816406, 22.4032039642334, 22.9127197265625, 22.411542892456055, 21.657115936279297, 23.0237979888916, 25.117176055908203, 24.54551124572754, 25.57662582397461, 22.504011154174805, 26.338396072387695, 27.317737579345703, 27.70315170288086], "new_base_logit": [12.054845809936523, 15.228965759277344, 15.313732147216797, 16.946983337402344, 11.31450366973877, 11.75186538696289, 11.921542167663574, 15.049545288085938, 12.693818092346191, 12.425909042358398, 17.73308563232422, 10.624890327453613, 13.927589416503906, 14.16356086730957, 12.64120101928711, 12.371003150939941, 13.346979141235352, 16.06576156616211, 13.188127517700195, 11.245041847229004, 12.586130142211914, 16.47186279296875, 16.503005981445312, 15.417491912841797, 8.779078483581543, 12.882467269897461, 13.308662414550781, 15.290738105773926, 14.442132949829102, 13.730274200439453, 11.290164947509766, 15.688953399658203, 15.32219409942627, 11.205976486206055, 11.632640838623047, 15.398036003112793, 17.343963623046875, 10.866992950439453, 14.56905460357666, 14.823237419128418, 14.714427947998047, 11.71216106414795, 12.429040908813477, 11.222497940063477, 11.117778778076172, 15.61807918548584, 10.310405731201172, 15.926820755004883, 15.149459838867188, 14.009096145629883], "new_chat_logit": [23.196229934692383, 21.277067184448242, 20.61977767944336, 23.331378936767578, 19.245651245117188, 22.79174041748047, 21.437191009521484, 21.38909339904785, 22.495098114013672, 20.68544578552246, 21.54387092590332, 21.191347122192383, 20.20987892150879, 20.51442527770996, 22.76291275024414, 18.692344665527344, 22.981964111328125, 22.409076690673828, 19.44478416442871, 20.293155670166016, 20.936979293823242, 20.406368255615234, 20.215290069580078, 16.764827728271484, 17.17979621887207, 16.203336715698242, 20.436290740966797, 19.543502807617188, 19.275495529174805, 16.560089111328125, 22.267356872558594, 19.831825256347656, 20.839479446411133, 21.8316593170166, 19.47962188720703, 20.025617599487305, 20.540599822998047, 15.57201862335205, 18.991493225097656, 14.667269706726074, 18.084413528442383, 22.127399444580078, 16.87451934814453, 20.780685424804688, 22.556983947753906, 21.998035430908203, 15.977139472961426, 20.235960006713867, 18.95395851135254, 18.862167358398438],