{"orig_base_logit": [18.943933486938477, 20.104198455810547, 14.825201034545898, 18.95649528503418, 18.542037963867188, 19.715871810913086, 17.211124420166016, 23.985212326049805, 17.832944869995117, 20.411972045898438, 19.57769203186035, 20.943206787109375, 18.895959854125977, 17.61649513244629, 19.92829132080078, 20.15991973876953, 20.66766357421875, 18.737201690673828, 19.533151626586914, 26.018718719482422, 25.68118667602539, 17.992368698120117, 21.566774368286133, 20.564775466918945, 19.648584365844727, 20.159029006958008, 19.4318790435791, 16.528474807739258, 14.516783714294434, 19.1700382232666, 20.094377517700195, 20.4438419342041, 18.638776779174805, 17.79623031616211, 19.732608795166016, 20.0494441986084, 14.270625114440918, 15.680442810058594, 17.837987899780273, 10.961769104003906, 16.589698791503906, 17.368900299072266, 15.589518547058105, 16.65761947631836, 18.84642219543457, 20.6536865234375, 20.408260345458984, 19.13027000427246, 20.62478256225586, 20.892444610595703], "orig_chat_logit": [27.02318572998047, 27.9251651763916, 22.714601516723633, 25.122238159179688, 24.598888397216797, 26.207578659057617, 24.87692642211914, 26.639949798583984, 25.785747528076172, 28.297012329101562, 25.58160400390625, 27.85167121887207, 26.307861328125, 23.857715606689453, 27.629974365234375, 28.410470962524414, 29.770610809326172, 24.07929801940918, 29.74797821044922, 31.895320892333984, 29.298358917236328, 22.17138671875, 31.460344314575195, 28.875675201416016, 22.555953979492188, 21.289648056030273, 22.9162540435791, 23.41248321533203, 23.2512149810791, 28.166954040527344, 26.74924659729004, 29.958511352539062, 24.01354217529297, 24.846960067749023, 28.586118698120117, 31.0256404876709, 25.60956573486328, 25.483280181884766, 23.183576583862305, 20.956388473510742, 28.9929256439209, 23.52660369873047, 27.150972366333008, 25.88618278503418, 26.922155380249023, 26.683353424072266, 31.63628578186035, 27.995784759521484, 26.007369995117188, 31.074201583862305], "new_base_logit": [18.819189071655273, 17.81403350830078, 15.223170280456543, 17.942934036254883, 17.4821720123291, 17.8848876953125, 17.18853759765625, 20.54526138305664, 16.58955955505371, 17.568405151367188, 17.214555740356445, 19.753150939941406, 18.330528259277344, 18.247995376586914, 19.458738327026367, 18.8778018951416, 18.10050392150879, 16.557174682617188, 15.990143775939941, 21.532642364501953, 23.72584342956543, 14.940691947937012, 18.935745239257812, 16.107833862304688, 18.69540023803711, 20.235328674316406, 17.773895263671875, 14.650793075561523, 13.906688690185547, 16.986238479614258, 18.66910171508789, 18.19761085510254, 16.970989227294922, 16.339889526367188, 18.696125030517578, 19.81770896911621, 14.558525085449219, 15.332026481628418, 17.142894744873047, 11.586417198181152, 17.2772274017334, 16.026182174682617, 15.511428833007812, 16.180160522460938, 17.61438751220703, 19.75737953186035, 18.84401512145996, 18.121862411499023, 18.88623809814453, 19.171951293945312], "new_chat_logit": [26.906156539916992, 24.494054794311523, 20.534637451171875, 24.410572052001953, 20.929874420166016, 23.612533569335938, 21.43463706970215, 22.39480209350586, 21.14330291748047, 24.161724090576172, 21.603431701660156, 22.14625358581543, 21.679718017578125, 21.065032958984375, 24.515398025512695, 23.758981704711914, 24.987327575683594, 22.58561897277832, 21.42047882080078, 19.488779067993164, 17.267417907714844, 16.74294662475586, 25.92292022705078, 23.963132858276367, 22.451749801635742, 21.39476776123047, 20.092586517333984, 21.069734573364258, 22.4876766204834, 23.578792572021484, 19.154653549194336, 22.455730438232422, 19.252227783203125, 23.160396575927734, 22.300884246826172, 24.18829345703125, 22.53334617614746, 22.50088119506836, 23.67418098449707, 21.375276565551758, 23.020469665527344, 22.741989135742188, 21.57333755493164, 22.651626586914062, 21.10581398010254, 21.864416122436523, 21.385133743286133, 20.29865074157715, 21.601369857788086, 24.590164184570312], "ablate_features": [16389, 16390, 8200, 24592, 16408, 24600, 24601, 8224, 8228, 38, 43, 24621, 57, 16442, 72, 8265, 8269, 24659, 16468, 88, 93, 16481, 99, 16483, 112, 114, 115, 16499, 24691, 8314, 8322, 24754, 24776, 16598, 16602, 24799, 24806, 16625, 24823, 16639, 16648, 24848, 278, 16669, 299, 24876, 8505, 323, 8517, 328, 334, 24913, 8530, 16723, 24915, 8535, 16727, 24924, 8546, 8551, 16745, 362, 372, 373, 16761, 398, 24978, 8599, 8600, 409, 419, 24996, 428, 8620, 8621, 456, 25039, 25040, 25058, 16871, 8686, 497, 25075, 16907, 25113, 25114, 539, 8731, 546, 16931, 25123, 25140, 16952, 571, 25155, 25169, 8800, 16995, 613, 618, 8811, 8818, 17010, 25202, 17015, 656, 25236, 673, 17057, 25258, 25259, 25264, 702, 17100, 17105, 729, 25305, 8923, 8924, 741, 17128, 745, 17142, 8956, 782, 8978, 8980, 794, 25377, 25401, 25413, 9033, 9042, 9049, 17249, 17255, 9067, 17260, 9071, 25462, 25463, 17273, 25481, 25482, 17298, 9115, 943, 25522, 967, 971, 17364, 25559, 25587, 1023, 17410, 1027, 25612, 1040, 9236, 17432, 17442, 1059, 17444, 25635, 9254, 1066, 1069, 17468, 1088, 17479, 1097, 25682, 25687, 9305, 25691, 1121, 9314, 17505, 9317, 9352, 17551, 9364, 1187, 9386, 25780, 1208, 1221, 1226, 1227, 1235, 1236, 9430, 17631, 25825, 25827, 25828, 17643, 1266, 1270, 17662, 25855, 17664, 1285, 9490, 17697, 1320, 17707, 9525, 1352, 17756, 1396, 1398, 17785, 9594, 25979, 9603, 9609, 9612, 1427, 26007, 9628, 1454, 17851, 1469, 17870, 9686, 26078, 17889, 17898, 1520, 9713, 1522, 9717, 17914, 26110, 9728, 17922, 9732, 17925, 9734, 26151, 17971, 1598, 9825, 1634, 18024, 9840, 1656, 1672, 18056, 26252, 26254, 18071, 1693, 26269, 26278, 9897, 26293, 18102, 9923, 1734, 9937, 26323, 26326, 9943, 26327, 9952, 26340, 26344, 9965, 26367, 9990, 1799, 18183, 26381, 26386, 1816, 1836, 18249, 1872, 1878, 10070, 26456, 26460, 18275, 26488, 18297, 26493, 10116, 18317, 1935, 26514, 1942, 26523, 26529, 26538, 10161, 10176, 18379, 10192, 2010, 18396, 2020, 2026, 2027, 26604, 18417, 2038, 18422, 18424, 18430, 18447, 26641, 2071, 18461, 26656, 18470, 18486, 18492, 18497, 2143, 10350, 2161, 26739, 26746, 18567, 10382, 18581, 10393, 18597, 26795, 10415, 18619, 18630, 2253, 26832, 18655, 26851, 18664, 2283, 10490, 18683, 10506, 18704, 2323, 10517, 18711, 2328, 18722, 10534, 2343, 2344, 10535, 18737, 10551, 2360, 26936, 10559, 18755, 18761, 2382, 10577, 2389, 10582, 18775, 18779, 26979, 18791, 10600, 26990, 2424, 10620, 2431, 2433, 18818, 10627, 10628, 18819, 27026, 2465, 2473, 18858, 27057, 10677, 27064, 10684, 18878, 18880, 10691, 2505, 2531, 2535, 10728, 10749, 2558, 27138, 2568, 27144, 18960, 18961, 18974, 2592, 2616, 2622, 19015, 10824, 10825, 10829, 19025, 27228, 10848, 19046, 10866, 2686, 19070, 2698, 10911, 27299, 19111, 19123, 27316, 27319, 2754, 27341, 27349, 2776, 19161, 27354, 10972, 2793, 2800, 27391, 2826, 27402, 2843, 27433, 19245, 11055, 11060, 11070, 19266, 27469, 11086, 19279, 2898, 19290, 2909, 27487, 11109, 27497, 2927, 27513, 27521, 27525, 2954, 27534, 2977, 2980, 11174, 2984, 27576, 11193, 27601, 3027, 19413, 3039, 3041, 11235, 19432, 27631, 19440, 11255, 19448, 11260, 11268, 19462, 11279, 11292, 27678, 19496, 11305, 19499, 27694, 11315, 27709, 27728, 27741, 3166, 3183, 27763, 11380, 19585, 19586, 11399, 11404, 19610, 27818, 19637, 11463, 19657, 27854, 27865, 3322, 3331, 19718, 27915, 3340, 3343, 27935, 19744, 3363, 11564, 19763, 11584, 11590, 27992, 19812, 3434, 19818, 28012, 28017, 19829, 11638, 19835, 11649, 3458, 11650, 19844, 28036, 3473, 19873, 19881, 3517, 28095, 28098, 11719, 28106, 28115, 11746, 19940, 3557, 3559, 11751, 3579, 28157, 19969, 19975, 11784, 11788, 11790, 3600, 11797, 3611, 28200, 28205, 3633, 11826, 20021, 11830, 20036, 28229, 20050, 20052, 28245, 11895, 3707, 28284, 3712, 28293, 11922, 28306, 28313, 28318, 20127, 20134, 11960, 3777, 28356, 11974, 28361, 11988, 12000, 28389, 12012, 28396, 3826, 3837, 28420, 12037, 20229, 28433, 12057, 3868, 12068, 12069, 12079, 28463, 20275, 20277, 12089, 3911, 20300, 20310, 12124, 20334, 28547, 20361, 