{"orig_base_logit": [14.839232444763184, 17.218393325805664, 16.881179809570312, 18.88735580444336, 14.701495170593262, 17.4421443939209, 17.612337112426758, 12.16097354888916, 11.152671813964844, 13.99181079864502, 9.933326721191406, 10.746896743774414, 12.10119915008545, 15.886809349060059, 10.496708869934082, 16.573078155517578, 10.53812026977539, 11.716178894042969, 13.06276798248291, 15.84496021270752, 15.789247512817383, 18.066492080688477, 14.519329071044922, 10.336282730102539, 12.048942565917969, 12.46016788482666, 13.66653823852539, 14.935897827148438, 12.87247371673584, 14.440818786621094, 15.224474906921387, 15.638548851013184, 14.191036224365234, 14.954151153564453, 17.403362274169922, 17.673744201660156, 17.18585777282715, 20.321544647216797, 18.250755310058594, 10.145310401916504, 14.861715316772461, 15.228140830993652, 16.64775276184082, 15.686264991760254, 17.89686393737793, 18.275503158569336, 16.907217025756836, 17.709102630615234, 11.566413879394531], "orig_chat_logit": [21.71541404724121, 18.14940071105957, 23.197572708129883, 24.52715301513672, 21.780540466308594, 20.656436920166016, 21.89175796508789, 23.743507385253906, 21.213115692138672, 24.069671630859375, 23.654037475585938, 22.500085830688477, 23.274925231933594, 22.743499755859375, 24.63627815246582, 24.711380004882812, 23.83639907836914, 20.769962310791016, 21.05998992919922, 23.437694549560547, 27.557640075683594, 22.3906192779541, 24.814884185791016, 27.57187271118164, 22.565982818603516, 23.473176956176758, 23.240711212158203, 21.997743606567383, 24.459794998168945, 24.365829467773438, 22.85163688659668, 26.33003044128418, 22.90467643737793, 22.076601028442383, 19.258747100830078, 23.869474411010742, 21.50455093383789, 22.212488174438477, 21.60576820373535, 23.603870391845703, 22.017894744873047, 24.492141723632812, 22.54677963256836, 23.125017166137695, 24.009172439575195, 24.013500213623047, 24.812255859375, 25.37064552307129, 25.31923484802246], "new_base_logit": [14.429903030395508, 17.13559341430664, 17.644441604614258, 18.139041900634766, 14.510170936584473, 16.660425186157227, 17.32672691345215, 11.573948860168457, 10.259271621704102, 13.563212394714355, 9.267422676086426, 12.51850700378418, 12.614100456237793, 16.04808807373047, 12.061408996582031, 14.104504585266113, 12.318954467773438, 10.782571792602539, 14.930154800415039, 15.760880470275879, 16.913463592529297, 17.269601821899414, 15.630660057067871, 11.4642972946167, 12.516446113586426, 12.312686920166016, 15.620088577270508, 17.089462280273438, 13.599818229675293, 13.96810531616211, 15.320208549499512, 16.10650634765625, 14.06826114654541, 16.551334381103516, 18.396930694580078, 18.639467239379883, 15.656088829040527, 20.269939422607422, 17.79590606689453, 12.173638343811035, 14.224359512329102, 15.991957664489746, 16.539649963378906, 15.970536231994629, 17.198259353637695, 17.73346519470215, 15.976201057434082, 17.074792861938477, 11.498505592346191], "new_chat_logit": [20.684585571289062, 19.75591278076172, 22.65155792236328, 23.129314422607422, 20.7750186920166, 19.35839080810547, 19.798629760742188, 23.721900939941406, 22.18766212463379, 23.772480010986328, 22.413105010986328, 22.32481575012207, 22.518428802490234, 24.58428382873535, 24.814558029174805, 23.9495849609375, 26.031103134155273, 21.91638946533203, 22.54372787475586, 24.087820053100586, 25.304275512695312, 21.548053741455078, 23.444616317749023, 29.35867691040039, 18.925565719604492, 22.998018264770508, 22.56158447265625, 21.449039459228516, 23.227401733398438, 23.326171875, 21.163015365600586, 26.247413635253906, 22.31338119506836, 22.553213119506836, 21.59956932067871, 22.854129791259766, 20.695568084716797, 21.130638122558594, 20.48268699645996, 23.27061653137207, 21.352632522583008, 23.361570358276367, 20.62128257751465, 23.170639038085938, 23.435319900512695, 22.03957748413086, 23.980117797851562, 23.50450325012207, 23.661203384399414], "ablate_features": [27138, 16390, 24592, 14878, 7712, 6191, 25140, 5685, 18486, 2616, 31834, 16483, 9317, 618, 115, 31859, 24189, 12932, 2181, 18567, 5258, 14987, 4246, 20633, 17057, 13481, 5291, 31934, 9923, 18630, 21191, 12491, 27341, 21716, 16598, 26327, 31962, 30948, 28389, 6889, 13571, 10517, 29976, 22814, 3363, 10534, 1320, 28973, 21807, 21809, 21813, 28472, 16185, 13114, 28985, 4415, 11584, 4929, 6467, 328, 10577, 9049, 26460, 4962, 12646, 16745, 17260, 13677, 25463, 21888, 27521, 16258, 20361, 25482, 24463, 13713, 26538, 4018, 13751, 11193, 10684, 1469, 20926, 29628, 31165, 20939, 20429, 2531, 18417, 16370, 25075, 13301, 2038, 11260]}