{"orig_base_logit": [18.943933486938477, 20.104198455810547, 14.825201034545898, 18.95649528503418, 18.542037963867188, 19.715871810913086, 17.211124420166016, 23.985212326049805, 17.832944869995117, 20.411972045898438, 19.57769203186035, 20.943206787109375, 18.895959854125977, 17.61649513244629, 19.92829132080078, 20.15991973876953, 20.66766357421875, 18.737201690673828, 19.533151626586914, 26.018718719482422, 25.68118667602539, 17.992368698120117, 21.566774368286133, 20.564775466918945, 19.648584365844727, 20.159029006958008, 19.4318790435791, 16.528474807739258, 14.516783714294434, 19.1700382232666, 20.094377517700195, 20.4438419342041, 18.638776779174805, 17.79623031616211, 19.732608795166016, 20.0494441986084, 14.270625114440918, 15.680442810058594, 17.837987899780273, 10.961769104003906, 16.589698791503906, 17.368900299072266, 15.589518547058105, 16.65761947631836, 18.84642219543457, 20.6536865234375, 20.408260345458984, 19.13027000427246, 20.62478256225586, 20.892444610595703], "orig_chat_logit": [27.02318572998047, 27.9251651763916, 22.714601516723633, 25.122238159179688, 24.598888397216797, 26.207578659057617, 24.87692642211914, 26.639949798583984, 25.785747528076172, 28.297012329101562, 25.58160400390625, 27.85167121887207, 26.307861328125, 23.857715606689453, 27.629974365234375, 28.410470962524414, 29.770610809326172, 24.07929801940918, 29.74797821044922, 31.895320892333984, 29.298358917236328, 22.17138671875, 31.460344314575195, 28.875675201416016, 22.555953979492188, 21.289648056030273, 22.9162540435791, 23.41248321533203, 23.2512149810791, 28.166954040527344, 26.74924659729004, 29.958511352539062, 24.01354217529297, 24.846960067749023, 28.586118698120117, 31.0256404876709, 25.60956573486328, 25.483280181884766, 23.183576583862305, 20.956388473510742, 28.9929256439209, 23.52660369873047, 27.150972366333008, 25.88618278503418, 26.922155380249023, 26.683353424072266, 31.63628578186035, 27.995784759521484, 26.007369995117188, 31.074201583862305], "new_base_logit": [19.390708923339844, 18.368066787719727, 15.594700813293457, 18.634403228759766, 18.39061737060547, 18.85201644897461, 17.171142578125, 21.338327407836914, 18.55516242980957, 18.23114013671875, 18.72898292541504, 20.04854965209961, 18.374399185180664, 18.24524688720703, 20.298274993896484, 19.56268310546875, 18.550474166870117, 17.229284286499023, 15.960736274719238, 23.822410583496094, 24.67658805847168, 16.50851821899414, 19.83434295654297, 17.90188980102539, 18.82653045654297, 20.231428146362305, 19.505455017089844, 15.601476669311523, 14.374527931213379, 17.731782913208008, 19.43749237060547, 18.906169891357422, 17.81022834777832, 16.782697677612305, 18.975513458251953, 19.509904861450195, 14.909269332885742, 16.157176971435547, 17.58673667907715, 11.204573631286621, 16.893003463745117, 16.995847702026367, 16.97432518005371, 15.719256401062012, 18.382869720458984, 20.129390716552734, 19.49675941467285, 18.26177406311035, 19.08562660217285, 19.68738555908203], "new_chat_logit": [27.284770965576172, 26.369840621948242, 21.661785125732422, 25.30120849609375, 22.470020294189453, 24.664077758789062, 23.35649871826172, 24.406259536743164, 24.480266571044922, 25.5720157623291, 24.881053924560547, 25.250244140625, 24.521093368530273, 22.107261657714844, 25.929838180541992, 24.58135986328125, 26.912248611450195, 22.60019302368164, 21.77095603942871, 25.328229904174805, 24.715999603271484, 18.677873611450195, 27.374755859375, 24.021358489990234, 22.407228469848633, 21.919878005981445, 23.64105987548828, 22.269763946533203, 23.154621124267578, 25.31928062438965, 23.165788650512695, 23.658885955810547, 20.195615768432617, 23.973031997680664, 24.216360092163086, 27.460107803344727, 24.331239700317383, 22.80646514892578, 23.483219146728516, 20.45736312866211, 25.152170181274414, 22.846492767333984, 23.735902786254883, 22.79965591430664, 22.598031997680664, 22.495450973510742, 23.629840850830078, 21.363492965698242, 22.434776306152344, 25.632099151611328], "ablate_features": [17922, 27138, 9732, 7688, 16907, 25612, 18960, 12305, 24592, 32272, 30230, 21527, 3611, 31259, 2592, 7712, 26656, 1059, 17444, 9254, 14890, 24621, 4144, 3633, 11315, 25140, 18486, 2616, 13368, 571, 31803, 14404, 4166, 1097, 24659, 16468, 21077, 9305, 28762, 31834, 23645, 23134, 24160, 1121, 16481, 613, 618, 8811, 15980, 3183, 12399, 27763, 11380, 17015, 24189, 5246, 8322, 7811, 12932, 13445, 6278, 18567, 18056, 19586, 5258, 14987, 21123, 31374, 28306, 4246, 20633, 14493, 673, 17057, 24228, 30888, 5291, 15019, 16044, 25259, 5807, 25780, 18619, 9923, 29379, 18630, 21191, 12491, 2253, 17105, 7890, 1236, 11988, 9430, 16598, 2776, 21716, 7898, 26327, 16092, 30939, 31962, 5345, 15587, 25828, 28389, 30437, 30948, 6889, 28396, 20719, 6896, 3826, 16116, 21236, 23285, 5881, 25855, 13571, 24324, 6922, 21772, 26381, 23822, 26386, 10517, 2328, 29976, 794, 14624, 18722, 31013, 6438, 10534, 15660, 21807, 18737, 21809, 11060, 21813, 13114, 11584, 30016, 8517, 328, 18249, 23881, 10577, 9042, 24403, 24915, 29525, 6488, 7519, 5472, 12646, 16745, 17260, 13677, 8046, 9071, 7537, 31090, 15219, 7543, 7544, 16761, 26488, 19835, 24444, 25979, 12670, 30072, 21888, 27521, 11650, 10627, 16258, 31613, 31614, 20361, 23434, 25482, 30091, 24463, 13713, 24978, 1427, 15252, 26514, 30613, 21401, 16282, 6044, 19873, 4007, 23465, 31151, 13751, 11193, 10684, 1469, 18878, 20924, 14786, 22473, 20429, 16335, 20944, 22993, 28115, 7124, 9686, 2010, 7131, 18396, 2531, 2020, 6117, 2026, 2027, 15341, 23535, 19440, 497, 1522, 9713, 6644, 13301, 2038, 11255, 16370, 25075, 15355, 11260]}