{"orig_base_logit": [16.800312042236328, 16.795869827270508, 16.79037094116211, 19.272043228149414, 16.23799705505371, 16.19864273071289, 18.104740142822266, 20.522281646728516, 20.20975685119629, 19.458812713623047, 19.981361389160156, 20.234254837036133, 19.180402755737305, 20.353227615356445, 17.814756393432617, 17.504730224609375, 17.73014259338379, 23.987173080444336, 16.39482879638672, 18.773176193237305, 14.817964553833008, 17.762338638305664, 15.390214920043945, 20.419254302978516, 17.978748321533203, 18.88665199279785, 16.81475257873535, 19.39276885986328, 18.51663589477539, 18.130111694335938, 17.737930297851562, 19.44612693786621, 16.566606521606445, 20.483064651489258, 21.81307029724121, 16.172409057617188, 17.912200927734375, 20.55400276184082, 17.30908203125, 17.686687469482422, 19.455812454223633, 19.492582321166992, 15.251895904541016, 18.581451416015625], "orig_chat_logit": [19.82876968383789, 21.321889877319336, 22.25288200378418, 23.40057945251465, 21.089996337890625, 21.366073608398438, 21.34224510192871, 23.953760147094727, 24.231048583984375, 24.345212936401367, 25.787261962890625, 25.392108917236328, 25.303308486938477, 24.35384178161621, 22.671504974365234, 21.595529556274414, 24.02031707763672, 27.510211944580078, 21.00690269470215, 21.7981014251709, 21.311420440673828, 25.889850616455078, 19.74566650390625, 19.037275314331055, 22.48388671875, 22.304689407348633, 18.759931564331055, 26.307035446166992, 27.204927444458008, 27.545818328857422, 27.190488815307617, 23.117610931396484, 22.745084762573242, 23.28047752380371, 23.241239547729492, 23.015676498413086, 25.29268455505371, 26.051137924194336, 21.809722900390625, 17.944110870361328, 22.636308670043945, 16.90188217163086, 23.108579635620117, 23.49765396118164], "new_base_logit": [14.79887580871582, 16.655746459960938, 17.016082763671875, 19.523038864135742, 15.50780200958252, 16.4410457611084, 19.354934692382812, 20.024520874023438, 20.338979721069336, 19.445383071899414, 20.06267738342285, 20.246112823486328, 19.88667106628418, 19.565889358520508, 17.90155601501465, 16.365942001342773, 16.180532455444336, 21.384742736816406, 18.135557174682617, 16.59147834777832, 15.016996383666992, 17.88129997253418, 16.264307022094727, 21.418354034423828, 17.90375328063965, 18.449172973632812, 17.04465103149414, 17.900089263916016, 19.1081600189209, 17.798269271850586, 17.695554733276367, 18.23934555053711, 15.789051055908203, 20.277536392211914, 20.933090209960938, 16.626829147338867, 17.020017623901367, 19.843740463256836, 13.585108757019043, 16.968454360961914, 18.096359252929688, 19.00849723815918, 15.60659122467041, 18.491090774536133], "new_chat_logit": [17.042160034179688, 19.623140335083008, 21.809661865234375, 22.93617820739746, 20.107864379882812, 21.146730422973633, 21.246265411376953, 23.575788497924805, 23.421123504638672, 25.466630935668945, 26.207117080688477, 25.338354110717773, 25.19718360900879, 24.01367950439453, 20.325233459472656, 21.208995819091797, 22.725250244140625, 24.959861755371094, 21.684385299682617, 23.33841323852539, 20.83330726623535, 26.72486686706543, 19.937543869018555, 20.548479080200195, 21.34800910949707, 21.542987823486328, 19.207286834716797, 24.024383544921875, 24.88184928894043, 26.562929153442383, 23.455869674682617, 23.22270393371582, 22.706146240234375, 23.429956436157227, 23.331668853759766, 21.456417083740234, 24.00676918029785, 25.248838424682617, 21.394245147705078, 16.760990142822266, 21.917863845825195, 17.46723747253418, 23.832962036132812, 23.827701568603516], "ablate_features": [4383, 22566, 27082, 7242, 21200, 3255, 2936, 18083, 10115, 29807, 2975, 14363, 18740, 24326, 26219, 1996, 16301, 9043, 6272, 27737, 24645, 21400, 23485, 17588, 26120, 3429, 27056, 13517, 4296, 16712, 20869, 8888, 31952, 14562, 21376, 16723, 28650, 32093, 32760, 24841, 17657, 1458, 9747, 763, 13063, 5555, 19890, 4123, 3516, 24525, 3815, 28649, 21485, 4852, 31160, 12643, 27946, 19518, 31562, 10381, 17122, 28819, 22383, 6822, 6737, 26687, 32377, 29908, 5941, 4677, 15178, 15976, 26676, 22232, 615, 11711, 24378, 23595, 6727, 7621, 11411, 17221, 28093, 5324, 16776, 23594, 8802, 29870, 8004, 30347, 8496, 24698, 1748, 16755, 7276, 22524, 20530, 27768, 15555, 549, 14839, 2188, 21104, 5101, 31936, 29515, 17006, 2022, 27088, 16945, 7654, 28741, 14376, 1966, 31316, 10023, 17120, 26241, 11200, 17708, 14599, 10911, 14349, 20451, 23368, 14039, 3018, 7553, 28053, 2661, 8126, 5880, 5781, 28117, 13116, 18186, 18172, 12531, 30762, 28785, 19276, 20483, 842, 19796, 13133, 8238, 21568, 14966, 7633, 2357, 6368, 22255, 6330, 27383, 15419, 3196, 14985, 23397, 18032, 5385, 8624, 22109, 6757, 14424, 6325, 4503, 30813, 5545, 16043, 15727, 21773, 32611, 30621, 20596, 23538, 12946, 20441, 3699, 11716, 31771, 19196, 29153, 5734, 4173, 29833, 16279, 27485, 8836, 1024, 2223, 746, 18548, 10428, 25072, 8127, 12168, 11269, 21709, 13716, 410, 24548, 21767, 31783, 2824, 17739, 15000, 25892, 19737, 2823, 12702, 30969, 1136, 31737, 10860, 19533, 32378, 29015, 6833, 30962, 3224, 12721, 25394, 27147, 7762, 3857, 11833, 9526, 1507, 2152, 10970, 4680, 20262, 21762, 3832, 13952, 32521, 2160, 31748, 5936, 18244, 11992, 32383, 25731, 2928, 31039, 28427, 30745, 23060, 23938, 16466, 16039, 14344, 15071, 17367, 5295, 18568, 26541, 14946, 923, 1000, 24377, 12507, 590, 620, 21694, 24608, 20248, 12055, 7753, 23127, 24603, 32018, 29608, 11267, 12719]}