{"orig_base_logit": [14.839232444763184, 17.218393325805664, 16.881179809570312, 18.88735580444336, 14.701495170593262, 17.4421443939209, 17.612337112426758, 12.16097354888916, 11.152671813964844, 13.99181079864502, 9.933326721191406, 10.746896743774414, 12.10119915008545, 15.886809349060059, 10.496708869934082, 16.573078155517578, 10.53812026977539, 11.716178894042969, 13.06276798248291, 15.84496021270752, 15.789247512817383, 18.066492080688477, 14.519329071044922, 10.336282730102539, 12.048942565917969, 12.46016788482666, 13.66653823852539, 14.935897827148438, 12.87247371673584, 14.440818786621094, 15.224474906921387, 15.638548851013184, 14.191036224365234, 14.954151153564453, 17.403362274169922, 17.673744201660156, 17.18585777282715, 20.321544647216797, 18.250755310058594, 10.145310401916504, 14.861715316772461, 15.228140830993652, 16.64775276184082, 15.686264991760254, 17.89686393737793, 18.275503158569336, 16.907217025756836, 17.709102630615234, 11.566413879394531], "orig_chat_logit": [21.71541404724121, 18.14940071105957, 23.197572708129883, 24.52715301513672, 21.780540466308594, 20.656436920166016, 21.89175796508789, 23.743507385253906, 21.213115692138672, 24.069671630859375, 23.654037475585938, 22.500085830688477, 23.274925231933594, 22.743499755859375, 24.63627815246582, 24.711380004882812, 23.83639907836914, 20.769962310791016, 21.05998992919922, 23.437694549560547, 27.557640075683594, 22.3906192779541, 24.814884185791016, 27.57187271118164, 22.565982818603516, 23.473176956176758, 23.240711212158203, 21.997743606567383, 24.459794998168945, 24.365829467773438, 22.85163688659668, 26.33003044128418, 22.90467643737793, 22.076601028442383, 19.258747100830078, 23.869474411010742, 21.50455093383789, 22.212488174438477, 21.60576820373535, 23.603870391845703, 22.017894744873047, 24.492141723632812, 22.54677963256836, 23.125017166137695, 24.009172439575195, 24.013500213623047, 24.812255859375, 25.37064552307129, 25.31923484802246], "new_base_logit": [14.350730895996094, 17.512056350708008, 17.988229751586914, 18.87255096435547, 14.181620597839355, 16.955961227416992, 17.23067855834961, 11.527950286865234, 10.60996150970459, 13.649087905883789, 8.995253562927246, 12.704529762268066, 13.063047409057617, 16.33420753479004, 11.987202644348145, 14.342883110046387, 12.1124906539917, 10.759220123291016, 14.494213104248047, 15.961507797241211, 16.90668296813965, 18.605310440063477, 15.614624977111816, 11.701858520507812, 13.312922477722168, 12.069296836853027, 16.01653480529785, 16.525741577148438, 14.041467666625977, 15.26557731628418, 15.695538520812988, 15.605676651000977, 14.268221855163574, 16.57421112060547, 18.09912109375, 18.79631805419922, 16.031755447387695, 20.60525894165039, 18.192066192626953, 11.884510040283203, 14.073718070983887, 16.155773162841797, 16.86667251586914, 15.987817764282227, 17.450056076049805, 17.880380630493164, 16.344587326049805, 17.448097229003906, 11.670345306396484], "new_chat_logit": [21.297353744506836, 19.732202529907227, 22.907482147216797, 23.530561447143555, 20.941532135009766, 19.77182388305664, 20.26516342163086, 23.456947326660156, 21.674705505371094, 23.687971115112305, 22.788862228393555, 22.617210388183594, 22.456077575683594, 25.07968521118164, 24.699066162109375, 24.357147216796875, 26.25094223022461, 21.754016876220703, 22.40958023071289, 24.030672073364258, 25.562543869018555, 22.37262725830078, 23.835172653198242, 28.648733139038086, 19.91598892211914, 22.34442901611328, 22.861557006835938, 20.907024383544922, 24.461301803588867, 23.543119430541992, 21.826509475708008, 26.179479598999023, 22.38766860961914, 22.213417053222656, 20.998680114746094, 23.395906448364258, 20.985048294067383, 21.96662139892578, 20.849145889282227, 22.71856117248535, 20.24134635925293, 22.971677780151367, 20.27204132080078, 23.454200744628906, 22.947101593017578, 22.115886688232422, 24.023406982421875, 23.638303756713867, 24.005390167236328], "ablate_features": [4383, 22566, 27082, 7242, 21200, 3255, 2936, 18083, 10115, 29807, 2975, 14363, 18740, 24326, 26219, 1996, 16301, 9043, 6272, 27737, 24645, 21400, 23485, 17588, 26120, 3429, 27056, 13517, 4296, 16712, 20869, 8888, 31952, 14562, 21376, 16723, 28650, 32093, 32760, 24841, 17657, 1458, 9747, 763, 13063, 5555, 19890, 4123, 3516, 24525, 3815, 28649, 21485, 4852, 31160, 12643, 27946, 19518, 31562, 10381, 17122, 28819, 22383, 6822, 6737, 26687, 32377, 29908, 5941, 4677, 15178, 15976, 26676, 22232, 615, 11711, 24378, 23595, 6727, 7621, 11411, 17221, 28093, 5324, 16776, 23594, 8802, 29870, 8004, 30347, 8496, 24698, 1748, 16755, 7276, 22524, 20530, 27768, 15555, 549, 14839, 2188, 21104, 5101, 31936, 29515, 17006, 2022, 27088, 16945, 7654, 28741, 14376, 1966, 31316, 10023, 17120, 26241, 11200, 17708, 14599, 10911, 14349, 20451, 23368, 14039, 3018, 7553, 28053, 2661, 8126, 5880, 5781, 28117, 13116, 18186, 18172, 12531, 30762, 28785, 19276, 20483, 842, 19796, 13133, 8238, 21568, 14966, 7633, 2357, 6368, 22255, 6330, 27383, 15419, 3196, 14985, 23397, 18032, 5385, 8624, 22109, 6757, 14424, 6325, 4503, 30813, 5545, 16043, 15727, 21773, 32611, 30621, 20596, 23538, 12946, 20441, 3699, 11716, 31771, 19196, 29153, 5734, 4173, 29833, 16279, 27485, 8836, 1024, 2223, 746, 18548, 10428, 25072, 8127]}