{"orig_base_logit": [16.800312042236328, 16.795869827270508, 16.79037094116211, 19.272043228149414, 16.23799705505371, 16.19864273071289, 18.104740142822266, 20.522281646728516, 20.20975685119629, 19.458812713623047, 19.981361389160156, 20.234254837036133, 19.180402755737305, 20.353227615356445, 17.814756393432617, 17.504730224609375, 17.73014259338379, 23.987173080444336, 16.39482879638672, 18.773176193237305, 14.817964553833008, 17.762338638305664, 15.390214920043945, 20.419254302978516, 17.978748321533203, 18.88665199279785, 16.81475257873535, 19.39276885986328, 18.51663589477539, 18.130111694335938, 17.737930297851562, 19.44612693786621, 16.566606521606445, 20.483064651489258, 21.81307029724121, 16.172409057617188, 17.912200927734375, 20.55400276184082, 17.30908203125, 17.686687469482422, 19.455812454223633, 19.492582321166992, 15.251895904541016, 18.581451416015625], "orig_chat_logit": [19.82876968383789, 21.321889877319336, 22.25288200378418, 23.40057945251465, 21.089996337890625, 21.366073608398438, 21.34224510192871, 23.953760147094727, 24.231048583984375, 24.345212936401367, 25.787261962890625, 25.392108917236328, 25.303308486938477, 24.35384178161621, 22.671504974365234, 21.595529556274414, 24.02031707763672, 27.510211944580078, 21.00690269470215, 21.7981014251709, 21.311420440673828, 25.889850616455078, 19.74566650390625, 19.037275314331055, 22.48388671875, 22.304689407348633, 18.759931564331055, 26.307035446166992, 27.204927444458008, 27.545818328857422, 27.190488815307617, 23.117610931396484, 22.745084762573242, 23.28047752380371, 23.241239547729492, 23.015676498413086, 25.29268455505371, 26.051137924194336, 21.809722900390625, 17.944110870361328, 22.636308670043945, 16.90188217163086, 23.108579635620117, 23.49765396118164], "new_base_logit": [14.796530723571777, 16.641983032226562, 17.01470947265625, 19.539459228515625, 15.463642120361328, 16.44546890258789, 19.35247802734375, 20.047365188598633, 20.33956527709961, 19.45574188232422, 20.070228576660156, 20.262718200683594, 19.91313362121582, 19.57425308227539, 17.871639251708984, 16.376853942871094, 16.18042755126953, 21.395954132080078, 18.071474075317383, 16.59583282470703, 15.011025428771973, 17.93016242980957, 16.27043342590332, 21.39597511291504, 17.91643524169922, 18.501659393310547, 17.037919998168945, 17.913206100463867, 19.09280014038086, 17.805273056030273, 17.715961456298828, 18.26333236694336, 15.803814888000488, 20.267282485961914, 20.950172424316406, 16.639625549316406, 17.022079467773438, 19.87203598022461, 13.578405380249023, 16.9863224029541, 18.103845596313477, 18.9936580657959, 15.609282493591309, 18.49078941345215], "new_chat_logit": [17.028148651123047, 19.580995559692383, 21.815967559814453, 22.94255828857422, 20.069429397583008, 21.144235610961914, 21.235593795776367, 23.593814849853516, 23.42763328552246, 25.468730926513672, 26.190189361572266, 25.328977584838867, 25.21453094482422, 24.0410213470459, 20.32685089111328, 21.24239730834961, 22.71817970275879, 24.976837158203125, 21.673913955688477, 23.320646286010742, 20.815114974975586, 26.755447387695312, 19.95734214782715, 20.544897079467773, 21.335161209106445, 21.549846649169922, 19.19563865661621, 23.99860191345215, 24.957185745239258, 26.538541793823242, 23.46579933166504, 23.23063850402832, 22.714344024658203, 23.492393493652344, 23.337177276611328, 21.482215881347656, 24.032861709594727, 25.282194137573242, 21.384069442749023, 16.747875213623047, 21.96755599975586, 17.461565017700195, 23.81041717529297, 23.77837562561035], "ablate_features": [4383, 22566, 27082, 7242, 21200, 3255, 2936, 18083, 10115, 29807, 2975, 14363, 18740, 24326, 26219, 1996, 16301, 9043, 6272, 27737, 24645, 21400, 23485, 17588, 26120, 3429, 27056, 13517, 4296, 16712, 20869, 8888, 31952, 14562, 21376, 16723, 28650, 32093, 32760, 24841, 17657, 1458, 9747, 763, 13063, 5555, 19890, 4123, 3516, 24525, 3815, 28649, 21485, 4852, 31160, 12643, 27946, 19518, 31562, 10381, 17122, 28819, 22383, 6822, 6737, 26687, 32377, 29908, 5941, 4677, 15178, 15976, 26676, 22232, 615, 11711, 24378, 23595, 6727, 7621, 11411, 17221, 28093, 5324, 16776, 23594, 8802, 29870, 8004, 30347, 8496, 24698, 1748, 16755, 7276, 22524, 20530, 27768, 15555, 549, 14839, 2188, 21104, 5101, 31936, 29515, 17006, 2022, 27088, 16945, 7654, 28741, 14376, 1966, 31316, 10023, 17120, 26241, 11200, 17708, 14599, 10911, 14349, 20451, 23368, 14039, 3018]}