{"orig_base_logit": [18.943933486938477, 20.104198455810547, 14.825201034545898, 18.95649528503418, 18.542037963867188, 19.715871810913086, 17.211124420166016, 23.985212326049805, 17.832944869995117, 20.411972045898438, 19.57769203186035, 20.943206787109375, 18.895959854125977, 17.61649513244629, 19.92829132080078, 20.15991973876953, 20.66766357421875, 18.737201690673828, 19.533151626586914, 26.018718719482422, 25.68118667602539, 17.992368698120117, 21.566774368286133, 20.564775466918945, 19.648584365844727, 20.159029006958008, 19.4318790435791, 16.528474807739258, 14.516783714294434, 19.1700382232666, 20.094377517700195, 20.4438419342041, 18.638776779174805, 17.79623031616211, 19.732608795166016, 20.0494441986084, 14.270625114440918, 15.680442810058594, 17.837987899780273, 10.961769104003906, 16.589698791503906, 17.368900299072266, 15.589518547058105, 16.65761947631836, 18.84642219543457, 20.6536865234375, 20.408260345458984, 19.13027000427246, 20.62478256225586, 20.892444610595703], "orig_chat_logit": [27.02318572998047, 27.9251651763916, 22.714601516723633, 25.122238159179688, 24.598888397216797, 26.207578659057617, 24.87692642211914, 26.639949798583984, 25.785747528076172, 28.297012329101562, 25.58160400390625, 27.85167121887207, 26.307861328125, 23.857715606689453, 27.629974365234375, 28.410470962524414, 29.770610809326172, 24.07929801940918, 29.74797821044922, 31.895320892333984, 29.298358917236328, 22.17138671875, 31.460344314575195, 28.875675201416016, 22.555953979492188, 21.289648056030273, 22.9162540435791, 23.41248321533203, 23.2512149810791, 28.166954040527344, 26.74924659729004, 29.958511352539062, 24.01354217529297, 24.846960067749023, 28.586118698120117, 31.0256404876709, 25.60956573486328, 25.483280181884766, 23.183576583862305, 20.956388473510742, 28.9929256439209, 23.52660369873047, 27.150972366333008, 25.88618278503418, 26.922155380249023, 26.683353424072266, 31.63628578186035, 27.995784759521484, 26.007369995117188, 31.074201583862305], "new_base_logit": [19.425905227661133, 18.22335433959961, 15.591578483581543, 19.43886375427246, 19.168521881103516, 19.379606246948242, 17.726913452148438, 21.696300506591797, 19.106924057006836, 18.35980987548828, 19.398298263549805, 20.672863006591797, 19.165878295898438, 18.65024757385254, 19.935163497924805, 19.673852920532227, 19.38560676574707, 17.623916625976562, 15.97688102722168, 24.15052032470703, 24.85317039489746, 18.553531646728516, 20.43960189819336, 18.046083450317383, 18.646984100341797, 20.421186447143555, 19.961822509765625, 15.207112312316895, 15.716050148010254, 18.340961456298828, 19.736148834228516, 19.818857192993164, 18.56598472595215, 16.792659759521484, 19.844913482666016, 19.973739624023438, 15.113656997680664, 16.51416015625, 17.85344696044922, 11.742616653442383, 17.084524154663086, 17.822010040283203, 18.358722686767578, 16.137542724609375, 19.10692596435547, 20.62554359436035, 20.25187110900879, 18.85527229309082, 19.59043312072754, 20.307239532470703], "new_chat_logit": [27.55401611328125, 27.001981735229492, 22.941633224487305, 26.066980361938477, 24.133020401000977, 25.1502628326416, 24.33055877685547, 25.554786682128906, 25.540172576904297, 25.54892349243164, 24.457212448120117, 25.430444717407227, 26.085220336914062, 23.778644561767578, 26.349946975708008, 26.30035400390625, 27.579605102539062, 22.943466186523438, 22.0142822265625, 26.302709579467773, 24.790998458862305, 20.3847599029541, 28.943674087524414, 24.63925552368164, 22.60232925415039, 21.855377197265625, 23.474626541137695, 21.258838653564453, 23.284788131713867, 26.050336837768555, 24.812360763549805, 24.979639053344727, 20.902122497558594, 23.810401916503906, 25.033992767333984, 30.124460220336914, 25.180133819580078, 24.150737762451172, 24.076066970825195, 20.59459686279297, 25.890161514282227, 23.41878890991211, 25.30119514465332, 23.695823669433594, 23.78916358947754, 23.822725296020508, 25.55694580078125, 22.909164428710938, 23.373071670532227, 26.396669387817383], "ablate_features": [4383, 22566, 27082, 7242, 21200, 3255, 2936, 18083, 10115, 29807, 2975, 14363, 18740, 24326, 26219, 1996, 16301, 9043, 6272, 27737, 24645, 21400, 23485, 17588, 26120, 3429, 27056, 13517, 4296, 16712, 20869, 8888, 31952, 14562, 21376, 16723, 28650, 32093, 32760, 24841, 17657, 1458, 9747, 763, 13063, 5555, 19890, 4123, 3516, 24525, 3815, 28649, 21485, 4852, 31160, 12643, 27946, 19518, 31562, 10381, 17122, 28819, 22383, 6822, 6737, 26687, 32377, 29908, 5941, 4677, 15178, 15976, 26676, 22232, 615, 11711, 24378, 23595, 6727, 7621, 11411, 17221, 28093, 5324, 16776, 23594, 8802, 29870, 8004, 30347, 8496, 24698, 1748, 16755, 7276, 22524, 20530, 27768, 15555, 549, 14839, 2188, 21104, 5101, 31936, 29515, 17006, 2022, 27088, 16945, 7654, 28741, 14376, 1966, 31316, 10023, 17120, 26241, 11200, 17708, 14599, 10911, 14349, 20451, 23368, 14039, 3018, 7553, 28053, 2661, 8126, 5880, 5781, 28117, 13116, 18186, 18172, 12531, 30762, 28785, 19276, 20483, 842, 19796, 13133, 8238, 21568, 14966, 7633, 2357, 6368, 22255, 6330, 27383, 15419, 3196, 14985, 23397, 18032, 5385, 8624, 22109, 6757, 14424, 6325, 4503, 30813, 5545, 16043, 15727, 21773, 32611, 30621, 20596, 23538, 12946, 20441, 3699, 11716, 31771, 19196, 29153, 5734, 4173, 29833, 16279, 27485, 8836, 1024, 2223, 746, 18548, 10428, 25072, 8127, 12168, 11269, 21709, 13716, 410, 24548, 21767, 31783, 2824, 17739, 15000, 25892, 19737, 2823, 12702, 30969, 1136, 31737, 10860, 19533, 32378, 29015, 6833, 30962, 3224, 12721, 25394, 27147, 7762, 3857, 11833, 9526, 1507, 2152, 10970, 4680, 20262, 21762, 3832, 13952]}