{"orig_base_logit": [12.162874221801758, 15.682140350341797, 15.854866027832031, 17.9832820892334, 10.934438705444336, 11.591535568237305, 13.471176147460938, 15.772563934326172, 15.4811429977417, 14.067501068115234, 19.263084411621094, 10.139144897460938, 16.920217514038086, 14.858685493469238, 15.13072395324707, 13.687793731689453, 12.188072204589844, 16.89772605895996, 14.377066612243652, 9.259817123413086, 12.362805366516113, 17.503456115722656, 17.258708953857422, 14.821057319641113, 7.695492267608643, 10.996997833251953, 16.249300003051758, 16.059545516967773, 12.949348449707031, 13.912792205810547, 12.401863098144531, 15.818267822265625, 15.354620933532715, 10.776132583618164, 13.291412353515625, 15.808940887451172, 16.876731872558594, 13.780526161193848, 13.719426155090332, 14.359992980957031, 14.9042329788208, 15.04545783996582, 12.638250350952148, 13.961567878723145, 11.664843559265137, 16.444377899169922, 9.32017993927002, 16.21417236328125, 16.795251846313477, 14.984905242919922], "orig_chat_logit": [22.580284118652344, 21.125850677490234, 21.57936668395996, 23.757171630859375, 19.868642807006836, 22.864843368530273, 23.169721603393555, 22.79471206665039, 28.062171936035156, 21.716007232666016, 22.758163452148438, 21.330677032470703, 21.59440040588379, 23.446075439453125, 23.403671264648438, 22.038942337036133, 21.494382858276367, 23.672792434692383, 26.740476608276367, 21.84669303894043, 24.116649627685547, 25.832304000854492, 25.248056411743164, 22.42959213256836, 15.79662799835205, 19.761770248413086, 22.494529724121094, 24.43463134765625, 26.940879821777344, 22.58718490600586, 22.889511108398438, 24.11040496826172, 26.89990997314453, 25.094097137451172, 22.778963088989258, 29.126192092895508, 26.008676528930664, 22.605445861816406, 22.4032039642334, 22.9127197265625, 22.411542892456055, 21.657115936279297, 23.0237979888916, 25.117176055908203, 24.54551124572754, 25.57662582397461, 22.504011154174805, 26.338396072387695, 27.317737579345703, 27.70315170288086], "new_base_logit": [11.737548828125, 14.614197731018066, 14.588367462158203, 18.0993709564209, 11.682275772094727, 11.800031661987305, 12.046892166137695, 16.181922912597656, 14.162333488464355, 13.529214859008789, 18.389137268066406, 10.358869552612305, 15.551568984985352, 14.778064727783203, 13.130075454711914, 12.030649185180664, 13.319537162780762, 17.13534927368164, 13.742839813232422, 11.82662296295166, 12.24210262298584, 16.68593406677246, 16.82211685180664, 16.576190948486328, 9.210457801818848, 12.552473068237305, 13.54421615600586, 15.499217987060547, 14.069658279418945, 14.047531127929688, 11.221320152282715, 16.056900024414062, 16.32978630065918, 11.630040168762207, 12.642189025878906, 15.586286544799805, 16.9890193939209, 11.626542091369629, 14.973543167114258, 14.84354019165039, 15.449211120605469, 12.274910926818848, 13.190044403076172, 12.59711742401123, 11.582568168640137, 15.879707336425781, 10.260200500488281, 16.30428123474121, 16.159427642822266, 14.268640518188477], "new_chat_logit": [21.680225372314453, 20.923294067382812, 20.1301212310791, 23.596277236938477, 20.10438346862793, 23.291244506835938, 21.408538818359375, 22.439456939697266, 23.306062698364258, 22.789823532104492, 21.87105941772461, 21.528018951416016, 21.04075813293457, 22.348480224609375, 23.02468490600586, 21.3465518951416, 22.18733787536621, 23.084434509277344, 22.301645278930664, 20.937698364257812, 21.530179977416992, 20.717538833618164, 20.922731399536133, 20.887622833251953, 17.847238540649414, 19.058929443359375, 22.444005966186523, 21.238292694091797, 19.643062591552734, 18.22005844116211, 22.75193214416504, 20.30307388305664, 21.808462142944336, 22.836536407470703, 21.327617645263672, 21.448307037353516, 21.262704849243164, 16.07697868347168, 19.49762725830078, 16.8909912109375, 18.455888748168945, 22.368432998657227, 18.730783462524414, 20.83598518371582, 23.360340118408203, 22.236513137817383, 18.55296516418457, 21.8524112701416, 20.33212661743164, 19.418624877929688],