{"orig_base_logit": [14.839232444763184, 17.218393325805664, 16.881179809570312, 18.88735580444336, 14.701495170593262, 17.4421443939209, 17.612337112426758, 12.16097354888916, 11.152671813964844, 13.99181079864502, 9.933326721191406, 10.746896743774414, 12.10119915008545, 15.886809349060059, 10.496708869934082, 16.573078155517578, 10.53812026977539, 11.716178894042969, 13.06276798248291, 15.84496021270752, 15.789247512817383, 18.066492080688477, 14.519329071044922, 10.336282730102539, 12.048942565917969, 12.46016788482666, 13.66653823852539, 14.935897827148438, 12.87247371673584, 14.440818786621094, 15.224474906921387, 15.638548851013184, 14.191036224365234, 14.954151153564453, 17.403362274169922, 17.673744201660156, 17.18585777282715, 20.321544647216797, 18.250755310058594, 10.145310401916504, 14.861715316772461, 15.228140830993652, 16.64775276184082, 15.686264991760254, 17.89686393737793, 18.275503158569336, 16.907217025756836, 17.709102630615234, 11.566413879394531], "orig_chat_logit": [21.71541404724121, 18.14940071105957, 23.197572708129883, 24.52715301513672, 21.780540466308594, 20.656436920166016, 21.89175796508789, 23.743507385253906, 21.213115692138672, 24.069671630859375, 23.654037475585938, 22.500085830688477, 23.274925231933594, 22.743499755859375, 24.63627815246582, 24.711380004882812, 23.83639907836914, 20.769962310791016, 21.05998992919922, 23.437694549560547, 27.557640075683594, 22.3906192779541, 24.814884185791016, 27.57187271118164, 22.565982818603516, 23.473176956176758, 23.240711212158203, 21.997743606567383, 24.459794998168945, 24.365829467773438, 22.85163688659668, 26.33003044128418, 22.90467643737793, 22.076601028442383, 19.258747100830078, 23.869474411010742, 21.50455093383789, 22.212488174438477, 21.60576820373535, 23.603870391845703, 22.017894744873047, 24.492141723632812, 22.54677963256836, 23.125017166137695, 24.009172439575195, 24.013500213623047, 24.812255859375, 25.37064552307129, 25.31923484802246], "new_base_logit": [14.348527908325195, 17.48695945739746, 17.974885940551758, 18.843229293823242, 14.179802894592285, 16.936941146850586, 17.23561668395996, 11.522065162658691, 10.615878105163574, 13.65998649597168, 8.989489555358887, 12.719812393188477, 13.05663013458252, 16.338268280029297, 11.982418060302734, 14.324468612670898, 12.111839294433594, 10.755936622619629, 14.520648956298828, 15.974143981933594, 16.902408599853516, 18.603897094726562, 15.615572929382324, 11.737366676330566, 13.313810348510742, 12.089752197265625, 16.015405654907227, 16.509607315063477, 14.040771484375, 15.277541160583496, 15.710877418518066, 15.609158515930176, 14.277132987976074, 16.58295249938965, 18.118722915649414, 18.790590286254883, 15.998254776000977, 20.601350784301758, 18.189950942993164, 11.901488304138184, 14.073480606079102, 16.14396095275879, 16.864852905273438, 15.993551254272461, 17.437040328979492, 17.861942291259766, 16.347469329833984, 17.443580627441406, 11.636750221252441], "new_chat_logit": [21.282304763793945, 19.762876510620117, 22.921142578125, 23.518177032470703, 20.944530487060547, 19.774051666259766, 20.24583625793457, 23.45458221435547, 21.670841217041016, 23.68255615234375, 22.811063766479492, 22.622631072998047, 22.46145248413086, 25.09834861755371, 24.680875778198242, 24.35983657836914, 26.251184463500977, 21.72296714782715, 22.47612190246582, 24.030710220336914, 25.564407348632812, 22.330472946166992, 23.803730010986328, 28.7421817779541, 19.9173526763916, 22.35025405883789, 22.905487060546875, 20.975893020629883, 24.484386444091797, 23.551036834716797, 21.883466720581055, 26.18864631652832, 22.4183406829834, 22.18416976928711, 20.966373443603516, 23.410736083984375, 20.98269271850586, 22.00041389465332, 20.816205978393555, 22.730701446533203, 20.24851417541504, 23.00480079650879, 20.28001594543457, 23.462881088256836, 22.959402084350586, 22.12831687927246, 23.99152374267578, 23.618988037109375, 23.998563766479492], "ablate_features": [4383, 22566, 27082, 7242, 21200, 3255, 2936, 18083, 10115, 29807, 2975, 14363, 18740, 24326, 26219, 1996, 16301, 9043, 6272, 27737, 24645, 21400, 23485, 17588, 26120, 3429, 27056, 13517, 4296, 16712, 20869, 8888, 31952, 14562, 21376, 16723, 28650, 32093, 32760, 24841, 17657, 1458, 9747, 763, 13063, 5555, 19890, 4123, 3516, 24525, 3815, 28649, 21485, 4852, 31160, 12643, 27946, 19518, 31562, 10381, 17122, 28819, 22383, 6822, 6737, 26687, 32377, 29908, 5941, 4677, 15178, 15976, 26676, 22232, 615, 11711, 24378, 23595, 6727, 7621, 11411, 17221, 28093, 5324, 16776, 23594, 8802, 29870, 8004, 30347, 8496, 24698, 1748, 16755]}