{"orig_base_logit": [14.839232444763184, 17.218393325805664, 16.881179809570312, 18.88735580444336, 14.701495170593262, 17.4421443939209, 17.612337112426758, 12.16097354888916, 11.152671813964844, 13.99181079864502, 9.933326721191406, 10.746896743774414, 12.10119915008545, 15.886809349060059, 10.496708869934082, 16.573078155517578, 10.53812026977539, 11.716178894042969, 13.06276798248291, 15.84496021270752, 15.789247512817383, 18.066492080688477, 14.519329071044922, 10.336282730102539, 12.048942565917969, 12.46016788482666, 13.66653823852539, 14.935897827148438, 12.87247371673584, 14.440818786621094, 15.224474906921387, 15.638548851013184, 14.191036224365234, 14.954151153564453, 17.403362274169922, 17.673744201660156, 17.18585777282715, 20.321544647216797, 18.250755310058594, 10.145310401916504, 14.861715316772461, 15.228140830993652, 16.64775276184082, 15.686264991760254, 17.89686393737793, 18.275503158569336, 16.907217025756836, 17.709102630615234, 11.566413879394531], "orig_chat_logit": [21.71541404724121, 18.14940071105957, 23.197572708129883, 24.52715301513672, 21.780540466308594, 20.656436920166016, 21.89175796508789, 23.743507385253906, 21.213115692138672, 24.069671630859375, 23.654037475585938, 22.500085830688477, 23.274925231933594, 22.743499755859375, 24.63627815246582, 24.711380004882812, 23.83639907836914, 20.769962310791016, 21.05998992919922, 23.437694549560547, 27.557640075683594, 22.3906192779541, 24.814884185791016, 27.57187271118164, 22.565982818603516, 23.473176956176758, 23.240711212158203, 21.997743606567383, 24.459794998168945, 24.365829467773438, 22.85163688659668, 26.33003044128418, 22.90467643737793, 22.076601028442383, 19.258747100830078, 23.869474411010742, 21.50455093383789, 22.212488174438477, 21.60576820373535, 23.603870391845703, 22.017894744873047, 24.492141723632812, 22.54677963256836, 23.125017166137695, 24.009172439575195, 24.013500213623047, 24.812255859375, 25.37064552307129, 25.31923484802246], "new_base_logit": [13.994566917419434, 17.201467514038086, 17.020877838134766, 17.62266731262207, 14.928205490112305, 16.146854400634766, 17.452390670776367, 10.95093059539795, 10.45250129699707, 12.48505687713623, 8.529166221618652, 12.602529525756836, 12.665892601013184, 14.48244571685791, 11.666909217834473, 13.36478042602539, 11.79575252532959, 10.004755973815918, 14.608820915222168, 14.518122673034668, 17.280305862426758, 16.424081802368164, 15.295060157775879, 12.219322204589844, 12.594067573547363, 12.495537757873535, 16.24782371520996, 17.988191604614258, 13.01357650756836, 14.515628814697266, 15.771932601928711, 16.420886993408203, 14.325613975524902, 16.76243782043457, 18.29850196838379, 18.541772842407227, 17.327821731567383, 18.65735626220703, 18.55025863647461, 12.383783340454102, 14.833233833312988, 16.107011795043945, 16.39406967163086, 15.62256908416748, 17.105712890625, 17.471263885498047, 15.5206298828125, 16.883411407470703, 11.432762145996094], "new_chat_logit": [20.525415420532227, 20.504688262939453, 19.071895599365234, 20.19847297668457, 18.6949405670166, 18.000173568725586, 19.003223419189453, 23.841480255126953, 22.39670753479004, 23.788578033447266, 20.83590316772461, 21.68775177001953, 22.353965759277344, 23.222848892211914, 24.967317581176758, 22.602102279663086, 24.944185256958008, 21.228120803833008, 22.383312225341797, 23.65898895263672, 23.964420318603516, 20.893402099609375, 22.907798767089844, 29.289886474609375, 19.88874053955078, 23.532329559326172, 22.42396354675293, 21.633100509643555, 21.818199157714844, 21.64377784729004, 19.825010299682617, 21.449573516845703, 20.949321746826172, 20.997745513916016, 18.850706100463867, 17.937564849853516, 15.718252182006836, 17.617630004882812, 13.44136905670166, 23.698001861572266, 22.265647888183594, 23.232437133789062, 19.774629592895508, 22.495622634887695, 21.94819450378418, 22.576616287231445, 22.266782760620117, 22.051965713500977, 22.89980125427246], "ablate_features": [8197, 16390, 24592, 8212, 16406, 24600, 25, 31, 8224, 8228, 38, 24616, 24621, 16447, 24641, 72, 8265, 8272, 24659, 16468, 24668, 16481, 99, 16483, 24677, 24678, 24683, 8301, 113, 114, 115, 24696, 121, 126, 24702, 130, 8322, 24712, 24732, 16545, 16557, 24754, 180, 8380, 24769, 24776, 8394, 24778, 16598, 24793, 16602, 219, 24797, 24799, 24806, 24814, 16625, 24826, 258, 16648, 24842, 267, 16656, 24848, 291, 8485, 8487, 24871, 24876, 16685, 303, 309, 8501, 24890, 16701, 323, 325, 326, 8517, 328, 8522, 16717, 334, 338, 8530, 24915, 16727, 24924, 354, 8551, 360, 16745, 364, 16752, 24945, 372, 16756, 16760, 16762, 24957, 24963, 8585, 8587, 398, 8599, 8600, 409, 419, 428, 25007, 25010, 8641, 16836, 25028, 456, 16841, 25038, 25040, 8658, 477, 8672, 25058, 25060, 16870, 8686, 497, 499, 25075, 504, 16893, 16904, 522, 16907, 8729, 25113, 539, 8731, 25116, 8734, 8739, 25123, 25126, 8752, 561, 25140, 16952, 8761, 8769, 25155, 8773, 8776, 613, 16999, 618, 8811, 17004, 8818, 17010, 25202, 17013, 25213, 17026, 25221, 17034, 25226, 8844, 25231, 25240, 8861, 17057, 17058, 25255, 25259, 8888, 702, 8900, 8903, 716, 17100, 8913, 17105, 8923, 17118, 736, 25312, 25315, 8932, 17125, 743, 17128, 745, 754, 17142, 761, 17145, 17155, 17165, 25357, 17168, 8978, 794, 25377, 9000, 9006, 17202, 25396, 25401, 831, 9023, 25412, 25413, 9042, 9049, 9052, 863, 17249, 17255, 17258, 17260, 9071, 17264, 25462, 25463, 17273, 25482, 911, 17298, 25490, 25497, 9123, 25509, 9135, 947, 17341, 9150, 17342, 25534, 25538, 963, 17351, 971, 9169, 991, 17376, 25577, 25592, 17410, 17419, 1040, 9236, 17440, 17442, 1059, 17444, 25634, 9254, 1073, 9274, 25669, 9286, 17478, 1097, 17482, 25674, 25691, 9314, 9317, 25705, 17516, 25708, 17537, 9348, 9352, 25745, 9364, 9368, 9374, 1194, 9386, 17592, 1221, 9413, 1226, 25809, 1234, 1235, 1236, 9430, 9432, 9439, 17631, 17635, 25828, 17638, 17643, 1266, 1270, 1271, 1275, 17662, 25855, 1280, 9476, 1285, 25860, 9482, 1295, 1308, 17694, 25891, 25895, 1320, 1324, 9519, 1332, 17727, 25919, 1346, 17731, 1352, 25934, 1364, 25947, 17756, 9566, 25964, 25967, 9585, 1396, 17785, 9595, 25979, 25989, 1427, 17815, 9626, 9628, 17825, 26021, 17836, 17845, 1462, 9658, 1469, 1478, 9671, 17863, 9673, 9677, 26062, 9680, 1489, 9686, 9687, 17882, 17886, 17887, 26078, 17889, 17892, 17898, 17902, 26094, 1520, 1522, 26110, 1535, 1538, 17922, 9732, 17925, 17941, 17953, 1570, 26151, 26170, 1598, 1601, 1607, 9799, 26186, 18000, 9820, 26204, 26206, 26217, 9836, 9840, 26231, 26232, 18056, 9869, 9870, 26254, 26264, 1693, 18090, 26291, 1719, 9923, 1734, 1739, 9937, 26323, 26326, 9943, 26327, 1763, 26340, 26344, 26345, 9962, 26351, 1787, 26367, 9990, 1799, 18183, 26374, 9995, 26381, 26385, 26386, 26398, 18211, 18213, 1830, 10023, 1836, 10033, 1848, 1853, 10049, 26437, 26439, 1867, 1872, 1878, 10070, 18265, 26460, 26463, 18275, 26469, 18279, 26473, 18287, 18293, 26488, 18297, 26493, 18306, 10116, 1935, 26518, 26526, 26538, 1965, 1972, 10164, 10165, 26552, 18371, 18379, 10188, 10192, 2012, 18396, 18398, 18400, 10210, 2020, 10215, 2026, 2027, 10222, 18417, 2038, 10233, 18428, 18430, 2047, 18432, 26623, 18434, 26638, 26641, 2066, 10261, 26648, 18461, 18463, 18478, 2098, 26675, 18486, 26678, 26682, 2109, 18497, 18502, 18510, 2128, 10321, 2130, 2143, 2153, 10354, 26739, 10357, 2176, 2181, 18567, 18581, 10392, 26776, 18594, 18597, 26795, 2232, 18621, 18630, 2252, 2253, 10445, 18636, 26833, 26837, 2268, 10461, 18654, 26851, 10485, 2294, 10490, 2312, 10506, 18704, 2323, 2324, 10517, 2328, 10534, 2343, 2344, 10535, 18737, 2357, 10550, 10551, 2360, 26936, 10559, 26943, 18753, 26946, 10567, 10577, 2389, 10582, 18775, 26965, 18777, 18779, 26982, 18798, 2415, 10609, 26995, 26998, 2424, 10616, 10620, 10621, 2433, 10627, 2436, 10628, 27018, 2445, 27024, 27026, 2451, 2470, 27049, 18858, 27057, 18869, 27064, 27065, 10684, 18878, 18880, 10691, 2503, 2505, 18892, 27085, 2514, 2516, 10712, 2531, 2535, 10728, 10737, 10740, 27126, 2556, 2558, 27138, 18949, 27144, 18960, 18961, 18966, 18974, 27176, 2614, 27191, 2616, 2619, 27195, 2622, 19010, 