{"orig_base_logit": [18.943933486938477, 20.104198455810547, 14.825201034545898, 18.95649528503418, 18.542037963867188, 19.715871810913086, 17.211124420166016, 23.985212326049805, 17.832944869995117, 20.411972045898438, 19.57769203186035, 20.943206787109375, 18.895959854125977, 17.61649513244629, 19.92829132080078, 20.15991973876953, 20.66766357421875, 18.737201690673828, 19.533151626586914, 26.018718719482422, 25.68118667602539, 17.992368698120117, 21.566774368286133, 20.564775466918945, 19.648584365844727, 20.159029006958008, 19.4318790435791, 16.528474807739258, 14.516783714294434, 19.1700382232666, 20.094377517700195, 20.4438419342041, 18.638776779174805, 17.79623031616211, 19.732608795166016, 20.0494441986084, 14.270625114440918, 15.680442810058594, 17.837987899780273, 10.961769104003906, 16.589698791503906, 17.368900299072266, 15.589518547058105, 16.65761947631836, 18.84642219543457, 20.6536865234375, 20.408260345458984, 19.13027000427246, 20.62478256225586, 20.892444610595703], "orig_chat_logit": [27.02318572998047, 27.9251651763916, 22.714601516723633, 25.122238159179688, 24.598888397216797, 26.207578659057617, 24.87692642211914, 26.639949798583984, 25.785747528076172, 28.297012329101562, 25.58160400390625, 27.85167121887207, 26.307861328125, 23.857715606689453, 27.629974365234375, 28.410470962524414, 29.770610809326172, 24.07929801940918, 29.74797821044922, 31.895320892333984, 29.298358917236328, 22.17138671875, 31.460344314575195, 28.875675201416016, 22.555953979492188, 21.289648056030273, 22.9162540435791, 23.41248321533203, 23.2512149810791, 28.166954040527344, 26.74924659729004, 29.958511352539062, 24.01354217529297, 24.846960067749023, 28.586118698120117, 31.0256404876709, 25.60956573486328, 25.483280181884766, 23.183576583862305, 20.956388473510742, 28.9929256439209, 23.52660369873047, 27.150972366333008, 25.88618278503418, 26.922155380249023, 26.683353424072266, 31.63628578186035, 27.995784759521484, 26.007369995117188, 31.074201583862305], "new_base_logit": [19.40100860595703, 18.17156410217285, 15.515098571777344, 19.349672317504883, 19.00299072265625, 19.276859283447266, 17.65056800842285, 21.571895599365234, 18.948373794555664, 18.172266006469727, 19.29647445678711, 20.551427841186523, 19.141324996948242, 18.60547637939453, 19.79709243774414, 19.697404861450195, 19.336151123046875, 17.63719940185547, 15.82734489440918, 23.915571212768555, 24.533231735229492, 18.432178497314453, 20.317401885986328, 17.729450225830078, 18.58158302307129, 20.309253692626953, 19.85698890686035, 15.022330284118652, 15.653963088989258, 18.184900283813477, 19.59764289855957, 19.68463706970215, 18.485864639282227, 16.674739837646484, 19.757591247558594, 19.786344528198242, 15.104412078857422, 16.455543518066406, 17.70588493347168, 11.895668029785156, 17.073890686035156, 17.75904083251953, 18.155738830566406, 16.056442260742188, 18.974721908569336, 20.546550750732422, 20.118188858032227, 18.74553871154785, 19.445648193359375, 20.188873291015625], "new_chat_logit": [27.599807739257812, 26.82860565185547, 22.742727279663086, 25.99339485168457, 24.058656692504883, 25.03937530517578, 24.081920623779297, 25.329971313476562, 25.34269905090332, 25.379621505737305, 24.38209342956543, 25.05147361755371, 25.892465591430664, 23.650041580200195, 26.228116989135742, 26.25092124938965, 27.418737411499023, 23.07126808166504, 21.73535919189453, 26.075902938842773, 24.34710693359375, 20.077157974243164, 28.54665756225586, 24.323863983154297, 22.618989944458008, 21.8177490234375, 23.49429702758789, 20.844301223754883, 23.215492248535156, 25.66002655029297, 24.391433715820312, 24.50538444519043, 20.72676658630371, 23.625051498413086, 24.72959327697754, 29.758026123046875, 24.804059982299805, 23.77245330810547, 23.89891815185547, 20.115657806396484, 25.664520263671875, 23.283451080322266, 25.13074493408203, 23.568004608154297, 23.69784164428711, 23.74759292602539, 25.114990234375, 22.4417781829834, 23.290903091430664, 26.162179946899414], "ablate_features": [4383, 22566, 27082, 7242, 21200, 3255, 2936, 18083, 10115, 29807, 2975, 14363, 18740, 24326, 26219, 1996, 16301, 9043, 6272, 27737, 24645, 21400, 23485, 17588, 26120, 3429, 27056, 13517, 4296, 16712, 20869, 8888, 31952, 14562, 21376, 16723, 28650, 32093, 32760, 24841, 17657, 1458, 9747, 763, 13063, 5555, 19890, 4123, 3516, 24525, 3815, 28649, 21485, 4852, 31160, 12643, 27946, 19518, 31562, 10381, 17122, 28819, 22383, 6822, 6737, 26687, 32377, 29908, 5941, 4677, 15178, 15976, 26676, 22232, 615, 11711, 24378, 23595, 6727, 7621, 11411, 17221, 28093, 5324, 16776, 23594, 8802, 29870, 8004, 30347, 8496, 24698, 1748, 16755, 7276, 22524, 20530, 27768, 15555, 549, 14839, 2188, 21104, 5101, 31936, 29515, 17006, 2022, 27088, 16945, 7654, 28741, 14376, 1966, 31316, 10023, 17120, 26241, 11200, 17708, 14599, 10911, 14349, 20451, 23368, 14039, 3018, 7553, 28053, 2661, 8126, 5880, 5781, 28117, 13116, 18186, 18172, 12531, 30762, 28785, 19276, 20483, 842, 19796, 13133, 8238, 21568, 14966, 7633, 2357, 6368, 22255, 6330, 27383, 15419, 3196, 14985, 23397, 18032, 5385, 8624, 22109, 6757, 14424, 6325, 4503, 30813, 5545, 16043, 15727, 21773, 32611, 30621, 20596, 23538, 12946, 20441, 3699, 11716, 31771, 19196, 29153, 5734, 4173, 29833, 16279, 27485, 8836, 1024, 2223, 746, 18548, 10428, 25072, 8127, 12168, 11269, 21709, 13716, 410, 24548, 21767, 31783, 2824, 17739, 15000, 25892, 19737, 2823, 12702, 30969, 1136, 31737, 10860, 19533, 32378, 29015, 6833, 30962, 3224, 12721, 25394, 27147, 7762, 3857, 11833, 9526, 1507, 2152, 10970, 4680, 20262, 21762, 3832, 13952, 32521, 2160, 31748, 5936, 18244, 11992, 32383, 25731, 2928, 31039, 28427, 30745, 23060, 23938, 16466, 16039, 14344, 15071, 17367, 5295, 18568, 26541, 14946, 923, 1000, 24377, 12507, 590, 620, 21694, 24608, 20248, 12055, 7753, 23127, 24603, 32018, 29608, 11267, 12719, 14880, 19296, 13717, 14360, 14301, 10316, 1994, 17177, 18300, 6533, 18802, 8649, 20488, 21509, 13926, 23408, 23478, 4780, 18990, 26553, 17673, 10552, 24748, 26670, 29647, 14340, 22738, 14573, 18804, 21156, 29511, 1365, 29469, 19756, 19152, 13989, 26170, 22093, 5750, 26861, 4726, 21861, 20894, 28773, 7090, 10223, 27387, 31239, 2196, 7123, 24675, 28386, 24312, 4239, 16552, 24291, 32369, 30404, 6398, 20666, 16502, 17627, 1601, 21516, 30843, 13587, 27159, 28192, 13483, 28255, 26818, 23329, 9924, 13948, 20329, 1415, 6830, 8621, 9249, 19841, 27233, 26388, 2873, 8168, 3060, 23031, 11395, 21819, 20751, 28680, 9403, 15607, 24399, 31189, 32692, 14395, 26506, 2427, 6099, 8512, 3114, 11667, 13209, 19186, 20980, 9208, 12122, 28531, 1672, 7128, 8212, 8823, 5794, 17592, 22006, 5834, 3131, 29216, 17969, 8635, 14972, 13215, 31509, 1638, 292, 14984, 13522, 8219, 4610, 27921, 21750, 23700, 18877, 3161, 9050, 19484, 26498, 25526, 27011, 11897, 30135, 4177, 25053, 3069, 19759, 5897, 25827, 10587, 5367, 30184, 7234, 9517, 3319, 14264, 19961, 5516, 4540, 20464, 16959, 2394, 5818, 14563, 11813, 2094, 4430, 7685, 3924, 366, 3836, 31265, 23706, 14879, 28397, 28225, 16889, 8688, 21916, 17363, 13954, 12136, 22246, 11788, 28801, 28466, 9835, 3025, 26888, 26627, 15911, 11154, 5952, 13108, 29745, 20128, 28998, 29032, 24131, 8565, 20396, 14144, 20309, 26086, 4295, 4495, 24810, 13839, 14275, 15299, 26174, 30468, 10957, 5219, 26044, 1628, 10075, 18536, 14753, 25161, 25065, 30574, 19523, 22775, 18693, 1976, 28864, 22455, 9815, 6921, 18629, 1061, 31878, 23731, 15194, 10425, 6312, 16794, 31390, 6226, 2846, 6478, 1311, 15342, 17869, 25445, 13182, 30996, 13674, 28407, 19735, 24386, 2161, 9358, 26386, 5814, 3825, 12584, 16820, 6712, 9411, 6012, 14803, 29618, 21848, 12692, 18884, 4989, 14887, 11218, 2071, 18947, 17240, 13421, 1982, 4717, 13060, 29530, 23564, 4997, 30583, 656, 11648, 5001, 29825, 5429, 20023, 2926, 25425, 26588, 25873, 13884, 11820, 26216, 26449, 30668, 21898, 29776, 15987, 21914, 3353, 22238, 10506, 336, 10389, 23237, 10761, 6382, 11772, 6651, 18628, 19988, 15430, 16648, 30260, 27679, 28472, 28736, 29155, 5235, 22862, 10281, 1678, 17815, 30576, 