{"orig_base_logit": [12.162874221801758, 15.682140350341797, 15.854866027832031, 17.9832820892334, 10.934438705444336, 11.591535568237305, 13.471176147460938, 15.772563934326172, 15.4811429977417, 14.067501068115234, 19.263084411621094, 10.139144897460938, 16.920217514038086, 14.858685493469238, 15.13072395324707, 13.687793731689453, 12.188072204589844, 16.89772605895996, 14.377066612243652, 9.259817123413086, 12.362805366516113, 17.503456115722656, 17.258708953857422, 14.821057319641113, 7.695492267608643, 10.996997833251953, 16.249300003051758, 16.059545516967773, 12.949348449707031, 13.912792205810547, 12.401863098144531, 15.818267822265625, 15.354620933532715, 10.776132583618164, 13.291412353515625, 15.808940887451172, 16.876731872558594, 13.780526161193848, 13.719426155090332, 14.359992980957031, 14.9042329788208, 15.04545783996582, 12.638250350952148, 13.961567878723145, 11.664843559265137, 16.444377899169922, 9.32017993927002, 16.21417236328125, 16.795251846313477, 14.984905242919922], "orig_chat_logit": [22.580284118652344, 21.125850677490234, 21.57936668395996, 23.757171630859375, 19.868642807006836, 22.864843368530273, 23.169721603393555, 22.79471206665039, 28.062171936035156, 21.716007232666016, 22.758163452148438, 21.330677032470703, 21.59440040588379, 23.446075439453125, 23.403671264648438, 22.038942337036133, 21.494382858276367, 23.672792434692383, 26.740476608276367, 21.84669303894043, 24.116649627685547, 25.832304000854492, 25.248056411743164, 22.42959213256836, 15.79662799835205, 19.761770248413086, 22.494529724121094, 24.43463134765625, 26.940879821777344, 22.58718490600586, 22.889511108398438, 24.11040496826172, 26.89990997314453, 25.094097137451172, 22.778963088989258, 29.126192092895508, 26.008676528930664, 22.605445861816406, 22.4032039642334, 22.9127197265625, 22.411542892456055, 21.657115936279297, 23.0237979888916, 25.117176055908203, 24.54551124572754, 25.57662582397461, 22.504011154174805, 26.338396072387695, 27.317737579345703, 27.70315170288086], "new_base_logit": [11.718015670776367, 14.732614517211914, 14.651705741882324, 18.08250617980957, 11.750508308410645, 11.841886520385742, 12.107606887817383, 16.114667892456055, 14.359647750854492, 13.485279083251953, 18.259729385375977, 10.43459701538086, 15.534872055053711, 14.848247528076172, 13.074109077453613, 12.1420259475708, 13.34337329864502, 17.1093807220459, 13.841259002685547, 11.765507698059082, 12.30288028717041, 16.683866500854492, 16.84418296813965, 16.43406105041504, 9.199394226074219, 12.612225532531738, 13.546233177185059, 15.495187759399414, 14.156028747558594, 14.12548828125, 11.275056838989258, 16.0666561126709, 16.348039627075195, 11.73771858215332, 12.6712064743042, 15.569243431091309, 17.016496658325195, 11.64594841003418, 15.047712326049805, 14.830155372619629, 15.406444549560547, 12.266411781311035, 13.102818489074707, 12.560298919677734, 11.57582950592041, 15.867249488830566, 10.321734428405762, 16.308551788330078, 16.14876937866211, 14.24846363067627], "new_chat_logit": [21.619550704956055, 20.836536407470703, 20.149133682250977, 23.547138214111328, 20.111724853515625, 23.263538360595703, 21.41639518737793, 22.34794044494629, 23.293428421020508, 22.865968704223633, 21.88437843322754, 21.571073532104492, 20.98790740966797, 22.15191078186035, 22.845306396484375, 21.321144104003906, 22.3045654296875, 23.034751892089844, 21.97981834411621, 20.77686882019043, 21.34395408630371, 20.731578826904297, 20.803258895874023, 20.852445602416992, 17.86846923828125, 18.976490020751953, 22.207717895507812, 20.994319915771484, 19.35708236694336, 18.112611770629883, 22.661203384399414, 20.11455535888672, 21.654705047607422, 22.61930274963379, 21.023189544677734, 21.239418029785156, 21.190526962280273, 16.053369522094727, 19.52882957458496, 16.624839782714844, 18.393259048461914, 22.19266128540039, 18.605953216552734, 20.76361083984375, 23.20022964477539, 22.08704376220703, 18.31776237487793, 21.68187141418457, 20.225759506225586, 19.42583656311035],